2026-01-27 10:26:58,482 - Knowledge - INFO - Created shared MongoDB connection pool
2026-01-27 10:26:58,842 - Knowledge - INFO - Starting Knowledge Graph processing with 20 threads
2026-01-27 10:26:58,992 - Knowledge - INFO - Initial configuration: chunk_size=65536, max_cache_size=500
2026-01-27 10:26:59,213 - Knowledge - INFO - Knowledge Graph concurrency configuration: workers=20, max_batch_size=10, max_concurrent_llm_calls=50
2026-01-27 10:27:00,851 - Knowledge - INFO - 🔍 _load_persisted_knowledge called - checking for Redis optimization
2026-01-27 10:27:01,011 - Knowledge - WARNING - ❌ load_from_redis method not found - Redis support not attached
2026-01-27 10:27:01,244 - Knowledge - INFO - load persisted knowledge: begin
2026-01-27 10:27:01,405 - Knowledge - INFO - Loaded 0 files from persisted knowledge
2026-01-27 10:27:01,605 - Knowledge - INFO - load persisted knowledge: end
2026-01-27 10:27:01,772 - Knowledge - WARNING - No persisted knowledge found. Files will be queued during start()
2026-01-27 10:27:01,979 - Knowledge - INFO - Redis support added with prefix knowledge:b36881f:
2026-01-27 10:27:02,364 - Knowledge - INFO - Starting knowledge initialization for ID: rjencl-b36881f
2026-01-27 10:27:02,533 - Knowledge - INFO - 🔍 Checking Redis for build_id: b36881f
2026-01-27 10:27:02,688 - Knowledge - INFO - 🔍 Full session ID: rjencl-b36881f
2026-01-27 10:27:02,897 - Knowledge - INFO - 🔍 Redis prefix will be: knowledge:b36881f:
2026-01-27 10:27:03,061 - Knowledge - INFO - 🔍 Using attached load_from_redis() method
2026-01-27 10:27:03,300 - Knowledge - INFO - 🔍 Attempting to load knowledge from Redis...
2026-01-27 10:27:03,458 - Knowledge - INFO - 🔍 Using derived instance_id for Redis lookup: b36881f
2026-01-27 10:27:03,639 - Knowledge - WARNING - ❌ No Redis cache found
2026-01-27 10:27:03,822 - Knowledge - INFO - 📁 Loading knowledge from disk...
2026-01-27 10:27:04,076 - Knowledge - INFO - load persisted docinfo: begin
2026-01-27 10:27:04,227 - Knowledge - INFO - load persisted docinfo: end
2026-01-27 10:27:04,382 - Knowledge - INFO - 🔍 _load_persisted_knowledge called - checking for Redis optimization
2026-01-27 10:27:04,532 - Knowledge - INFO - ✅ load_from_redis method found - attempting Redis load
2026-01-27 10:27:04,698 - Knowledge - INFO - 🔍 Attempting to load knowledge from Redis...
2026-01-27 10:27:04,870 - Knowledge - INFO - 🔍 Using derived instance_id for Redis lookup: b36881f
2026-01-27 10:27:05,073 - Knowledge - WARNING - ❌ No Redis cache found
2026-01-27 10:27:05,236 - Knowledge - INFO - ❌ Redis load returned False - falling back to file loading
2026-01-27 10:27:05,427 - Knowledge - INFO - load persisted knowledge: begin
2026-01-27 10:27:05,623 - Knowledge - INFO - Loaded 0 files from persisted knowledge
2026-01-27 10:27:05,827 - Knowledge - INFO - load persisted knowledge: end
2026-01-27 10:27:06,019 - Knowledge - INFO - 📁 Disk load complete in 1.99s
2026-01-27 10:27:06,193 - Knowledge - INFO - Populating ingest queue with source files...
2026-01-27 10:27:06,506 - Knowledge - INFO - Added 132 files from /app/data/gemtektechnologycoltd2546/6817/b36881f/tr069-manager-6817 to ingest queue
2026-01-27 10:27:06,664 - Knowledge - INFO - [WEBSOCKET] Sent: Type=progress_update, Size: 160, Duration: 0ms
2026-01-27 10:27:06,820 - Knowledge - INFO - Worker kw1 created using shared MongoDB connection pool
2026-01-27 10:27:06,985 - Knowledge - INFO - knowledge worker kw1 start
2026-01-27 10:27:06,986 - Knowledge - INFO - Worker kw2 created using shared MongoDB connection pool
2026-01-27 10:27:07,140 - Knowledge - INFO - [kw1] Queue=132, InProgress=0, PendingWorkers=0/1, Completed=0/132 (0.0%)
2026-01-27 10:27:07,261 - Knowledge - INFO - knowledge worker kw2 start
2026-01-27 10:27:07,261 - Knowledge - INFO - Worker kw3 created using shared MongoDB connection pool
2026-01-27 10:27:07,359 - Knowledge - INFO - Batch sizing: calculated=5, max_allowed=10, queue=132, active_workers=0/2
2026-01-27 10:27:07,450 - Knowledge - INFO - [kw2] Queue=132, InProgress=0, PendingWorkers=0/2, Completed=0/132 (0.0%)
2026-01-27 10:27:07,557 - Knowledge - INFO - knowledge worker kw3 start
2026-01-27 10:27:07,561 - Knowledge - INFO - Worker kw4 created using shared MongoDB connection pool
2026-01-27 10:27:07,647 - Knowledge - INFO - Worker kw1 processing /app/data/gemtektechnologycoltd2546/6817/b36881f/tr069-manager-6817/acl/cwmp/cwmp_plugin.json
2026-01-27 10:27:07,737 - Knowledge - INFO - Batch sizing: calculated=5, max_allowed=10, queue=132, active_workers=1/3
2026-01-27 10:27:07,823 - Knowledge - INFO - [kw3] Queue=127, InProgress=0, PendingWorkers=1/3, Completed=0/132 (0.0%)
2026-01-27 10:27:07,910 - Knowledge - INFO - knowledge worker kw4 start
2026-01-27 10:27:07,911 - Knowledge - INFO - Worker kw5 created using shared MongoDB connection pool
2026-01-27 10:27:08,002 - Knowledge - INFO - Fast-tracked /app/data/gemtektechnologycoltd2546/6817/b36881f/tr069-manager-6817/acl/cwmp/cwmp_plugin.json (ext=.json, size=170)
2026-01-27 10:27:08,067 - Knowledge - INFO - Worker kw2 processing /app/data/gemtektechnologycoltd2546/6817/b36881f/tr069-manager-6817/test/tr069-manager_dm_adapter_mapping/test_mapping.h
2026-01-27 10:27:08,153 - Knowledge - INFO - Batch sizing: calculated=5, max_allowed=10, queue=127, active_workers=2/4
2026-01-27 10:27:08,284 - Knowledge - INFO - [kw4] Queue=122, InProgress=0, PendingWorkers=2/4, Completed=0/132 (0.0%)
2026-01-27 10:27:08,394 - Knowledge - INFO - knowledge worker kw5 start
2026-01-27 10:27:08,396 - Knowledge - INFO - Worker kw6 created using shared MongoDB connection pool
2026-01-27 10:27:08,527 - Knowledge - INFO - Worker kw1 processing /app/data/gemtektechnologycoltd2546/6817/b36881f/tr069-manager-6817/test/tr069-manager_dm_adapter_schedule_download/test_schedule_download_main.c
2026-01-27 10:27:08,621 - Knowledge - INFO - Fast-tracked /app/data/gemtektechnologycoltd2546/6817/b36881f/tr069-manager-6817/test/tr069-manager_dm_adapter_mapping/test_mapping.h (ext=.h, size=6044)
2026-01-27 10:27:08,698 - Knowledge - INFO - Worker kw3 processing /app/data/gemtektechnologycoltd2546/6817/b36881f/tr069-manager-6817/test/tr069-manager_cwmp_plugin_schedule_download/test_scheduledownload.h
2026-01-27 10:27:08,788 - Knowledge - INFO - Batch sizing: calculated=5, max_allowed=10, queue=122, active_workers=3/5
2026-01-27 10:27:08,905 - Knowledge - INFO - [kw5] Queue=117, InProgress=0, PendingWorkers=3/5, Completed=0/132 (0.0%)
2026-01-27 10:27:08,979 - Knowledge - INFO - knowledge worker kw6 start
2026-01-27 10:27:08,979 - Knowledge - INFO - Worker kw7 created using shared MongoDB connection pool
2026-01-27 10:27:09,059 - Knowledge - INFO - Fast-tracked /app/data/gemtektechnologycoltd2546/6817/b36881f/tr069-manager-6817/test/tr069-manager_dm_adapter_schedule_download/test_schedule_download_main.c (ext=.c, size=4092)
2026-01-27 10:27:09,125 - Knowledge - INFO - Worker kw2 processing /app/data/gemtektechnologycoltd2546/6817/b36881f/tr069-manager-6817/test/tr069-manager_dm_adapter_mapping/test_main.c
2026-01-27 10:27:09,212 - Knowledge - INFO - Fast-tracked /app/data/gemtektechnologycoltd2546/6817/b36881f/tr069-manager-6817/test/tr069-manager_cwmp_plugin_schedule_download/test_scheduledownload.h (ext=.h, size=3795)
2026-01-27 10:27:09,296 - Knowledge - INFO - Worker kw4 processing /app/data/gemtektechnologycoltd2546/6817/b36881f/tr069-manager-6817/test/tr069-manager_dm_adapter_gpa_all/test_main.c
2026-01-27 10:27:09,397 - Knowledge - INFO - Batch sizing: calculated=5, max_allowed=10, queue=117, active_workers=4/6
2026-01-27 10:27:09,491 - Knowledge - INFO - [kw6] Queue=112, InProgress=0, PendingWorkers=4/6, Completed=0/132 (0.0%)
2026-01-27 10:27:09,576 - Knowledge - INFO - knowledge worker kw7 start
2026-01-27 10:27:09,576 - Knowledge - INFO - Worker kw8 created using shared MongoDB connection pool
2026-01-27 10:27:09,663 - Knowledge - INFO - Worker kw1 processing /app/data/gemtektechnologycoltd2546/6817/b36881f/tr069-manager-6817/test/tr069-manager_dm_adapter_schedule_download/test_schedule_download.c
2026-01-27 10:27:09,788 - Knowledge - INFO - Fast-tracked /app/data/gemtektechnologycoltd2546/6817/b36881f/tr069-manager-6817/test/tr069-manager_dm_adapter_mapping/test_main.c (ext=.c, size=3510)
2026-01-27 10:27:09,867 - Knowledge - INFO - Worker kw3 processing /app/data/gemtektechnologycoltd2546/6817/b36881f/tr069-manager-6817/test/tr069-manager_cwmp_plugin_schedule_download/test_main.c
2026-01-27 10:27:09,956 - Knowledge - INFO - Fast-tracked /app/data/gemtektechnologycoltd2546/6817/b36881f/tr069-manager-6817/test/tr069-manager_dm_adapter_gpa_all/test_main.c (ext=.c, size=3674)
2026-01-27 10:27:10,036 - Knowledge - INFO - Worker kw5 processing /app/data/gemtektechnologycoltd2546/6817/b36881f/tr069-manager-6817/test/tr069-manager_dm_adapter_change_du_state/test_change_du_state.c
2026-01-27 10:27:10,128 - Knowledge - INFO - Batch sizing: calculated=5, max_allowed=10, queue=112, active_workers=5/7
2026-01-27 10:27:10,224 - Knowledge - INFO - [kw7] Queue=107, InProgress=0, PendingWorkers=5/7, Completed=0/132 (0.0%)
2026-01-27 10:27:10,338 - Knowledge - INFO - knowledge worker kw8 start
2026-01-27 10:27:10,339 - Knowledge - INFO - Worker kw9 created using shared MongoDB connection pool
2026-01-27 10:27:10,439 - Knowledge - INFO - Fast-tracked /app/data/gemtektechnologycoltd2546/6817/b36881f/tr069-manager-6817/test/tr069-manager_dm_adapter_schedule_download/test_schedule_download.c (ext=.c, size=15085)
2026-01-27 10:27:10,515 - Knowledge - INFO - Worker kw2 processing /app/data/gemtektechnologycoltd2546/6817/b36881f/tr069-manager-6817/test/tr069-manager_cwmp_plugin_download/test_download.c
2026-01-27 10:27:10,649 - Knowledge - INFO - Fast-tracked /app/data/gemtektechnologycoltd2546/6817/b36881f/tr069-manager-6817/test/tr069-manager_cwmp_plugin_schedule_download/test_main.c (ext=.c, size=4847)
2026-01-27 10:27:10,731 - Knowledge - INFO - Worker kw4 processing /app/data/gemtektechnologycoltd2546/6817/b36881f/tr069-manager-6817/test/tr069-manager_dm_adapter_gpa_all/test_get_parameter_attributes.h
2026-01-27 10:27:10,814 - Knowledge - INFO - Fast-tracked /app/data/gemtektechnologycoltd2546/6817/b36881f/tr069-manager-6817/test/tr069-manager_dm_adapter_change_du_state/test_change_du_state.c (ext=.c, size=10260)
2026-01-27 10:27:10,903 - Knowledge - INFO - Worker kw6 processing /app/data/gemtektechnologycoltd2546/6817/b36881f/tr069-manager-6817/test/tr069-manager_dm_adapter_simple_functions/test_simple_functions.h
2026-01-27 10:27:10,985 - Knowledge - INFO - Batch sizing: calculated=5, max_allowed=10, queue=107, active_workers=6/8
2026-01-27 10:27:11,092 - Knowledge - INFO - [kw8] Queue=102, InProgress=0, PendingWorkers=6/8, Completed=0/132 (0.0%)
2026-01-27 10:27:11,186 - Knowledge - INFO - knowledge worker kw9 start
2026-01-27 10:27:11,186 - Knowledge - INFO - Worker kw10 created using shared MongoDB connection pool
2026-01-27 10:27:11,266 - Knowledge - INFO - Worker kw1 processing /app/data/gemtektechnologycoltd2546/6817/b36881f/tr069-manager-6817/test/tr069-manager_dm_adapter_schedule_download/test_schedule_download.h
2026-01-27 10:27:11,350 - Knowledge - INFO - Fast-tracked /app/data/gemtektechnologycoltd2546/6817/b36881f/tr069-manager-6817/test/tr069-manager_cwmp_plugin_download/test_download.c (ext=.c, size=11511)
2026-01-27 10:27:11,440 - Knowledge - INFO - Worker kw3 processing /app/data/gemtektechnologycoltd2546/6817/b36881f/tr069-manager-6817/test/tr069-manager_cwmp_plugin_schedule_download/test_scheduledownload.c
2026-01-27 10:27:11,520 - Knowledge - INFO - Fast-tracked /app/data/gemtektechnologycoltd2546/6817/b36881f/tr069-manager-6817/test/tr069-manager_dm_adapter_gpa_all/test_get_parameter_attributes.h (ext=.h, size=6090)
2026-01-27 10:27:11,608 - Knowledge - INFO - Worker kw5 processing /app/data/gemtektechnologycoltd2546/6817/b36881f/tr069-manager-6817/test/tr069-manager_dm_adapter_change_du_state/test_main.c
2026-01-27 10:27:11,683 - Knowledge - INFO - Fast-tracked /app/data/gemtektechnologycoltd2546/6817/b36881f/tr069-manager-6817/test/tr069-manager_dm_adapter_simple_functions/test_simple_functions.h (ext=.h, size=5978)
2026-01-27 10:27:11,771 - Knowledge - INFO - Worker kw7 processing /app/data/gemtektechnologycoltd2546/6817/b36881f/tr069-manager-6817/test/tr069-manager_cwmp_plugin_change_du_state/test_main.c
2026-01-27 10:27:11,835 - Knowledge - INFO - Batch sizing: calculated=5, max_allowed=10, queue=102, active_workers=7/9
2026-01-27 10:27:11,934 - Knowledge - INFO - [kw9] Queue=97, InProgress=0, PendingWorkers=7/9, Completed=0/132 (0.0%)
2026-01-27 10:27:12,019 - Knowledge - INFO - knowledge worker kw10 start
2026-01-27 10:27:12,019 - Knowledge - INFO - Worker kw11 created using shared MongoDB connection pool
2026-01-27 10:27:12,101 - Knowledge - INFO - Fast-tracked /app/data/gemtektechnologycoltd2546/6817/b36881f/tr069-manager-6817/test/tr069-manager_dm_adapter_schedule_download/test_schedule_download.h (ext=.h, size=6265)
2026-01-27 10:27:12,185 - Knowledge - INFO - Worker kw2 processing /app/data/gemtektechnologycoltd2546/6817/b36881f/tr069-manager-6817/test/tr069-manager_cwmp_plugin_download/test_main.c
2026-01-27 10:27:12,276 - Knowledge - INFO - Fast-tracked /app/data/gemtektechnologycoltd2546/6817/b36881f/tr069-manager-6817/test/tr069-manager_cwmp_plugin_schedule_download/test_scheduledownload.c (ext=.c, size=30370)
2026-01-27 10:27:12,389 - Knowledge - INFO - Worker kw4 processing /app/data/gemtektechnologycoltd2546/6817/b36881f/tr069-manager-6817/test/tr069-manager_cwmp_plugin_manageable_device/test_manageabledevice.h
2026-01-27 10:27:12,482 - Knowledge - INFO - Fast-tracked /app/data/gemtektechnologycoltd2546/6817/b36881f/tr069-manager-6817/test/tr069-manager_dm_adapter_change_du_state/test_main.c (ext=.c, size=3923)
2026-01-27 10:27:12,563 - Knowledge - INFO - Worker kw6 processing /app/data/gemtektechnologycoltd2546/6817/b36881f/tr069-manager-6817/test/tr069-manager_cwmp_plugin_change_du_state/test_changedustate.c
2026-01-27 10:27:12,662 - Knowledge - INFO - Fast-tracked /app/data/gemtektechnologycoltd2546/6817/b36881f/tr069-manager-6817/test/tr069-manager_cwmp_plugin_change_du_state/test_main.c (ext=.c, size=3855)
2026-01-27 10:27:12,737 - Knowledge - INFO - Worker kw8 processing /app/data/gemtektechnologycoltd2546/6817/b36881f/tr069-manager-6817/test/tr069-manager_dm_adapter_gpn/test_gpn.h
2026-01-27 10:27:12,857 - Knowledge - INFO - Batch sizing: calculated=4, max_allowed=10, queue=97, active_workers=8/10
2026-01-27 10:27:12,947 - Knowledge - INFO - [kw10] Queue=92, InProgress=0, PendingWorkers=8/10, Completed=0/132 (0.0%)
2026-01-27 10:27:13,061 - Knowledge - INFO - knowledge worker kw11 start
2026-01-27 10:27:13,062 - Knowledge - INFO - Worker kw12 created using shared MongoDB connection pool
2026-01-27 10:27:13,138 - Knowledge - INFO - Worker kw1 processing /app/data/gemtektechnologycoltd2546/6817/b36881f/tr069-manager-6817/test/tr069-manager_dm_adapter_mapping/test_mapping.c
2026-01-27 10:27:13,229 - Knowledge - INFO - Fast-tracked /app/data/gemtektechnologycoltd2546/6817/b36881f/tr069-manager-6817/test/tr069-manager_cwmp_plugin_download/test_main.c (ext=.c, size=3287)
2026-01-27 10:27:13,311 - Knowledge - INFO - Worker kw3 processing /app/data/gemtektechnologycoltd2546/6817/b36881f/tr069-manager-6817/test/tr069-manager_dm_adapter_gpa_all/test_get_parameter_attributes.c
2026-01-27 10:27:13,385 - Knowledge - INFO - Fast-tracked /app/data/gemtektechnologycoltd2546/6817/b36881f/tr069-manager-6817/test/tr069-manager_cwmp_plugin_manageable_device/test_manageabledevice.h (ext=.h, size=3459)
2026-01-27 10:27:13,457 - Knowledge - INFO - Worker kw5 processing /app/data/gemtektechnologycoltd2546/6817/b36881f/tr069-manager-6817/test/tr069-manager_dm_adapter_change_du_state/test_change_du_state.h
2026-01-27 10:27:13,533 - Knowledge - INFO - Fast-tracked /app/data/gemtektechnologycoltd2546/6817/b36881f/tr069-manager-6817/test/tr069-manager_cwmp_plugin_change_du_state/test_changedustate.c (ext=.c, size=12435)
2026-01-27 10:27:13,627 - Knowledge - INFO - Worker kw7 processing /app/data/gemtektechnologycoltd2546/6817/b36881f/tr069-manager-6817/test/tr069-manager_cwmp_plugin_change_du_state/test_changedustate.h
2026-01-27 10:27:13,704 - Knowledge - INFO - Fast-tracked /app/data/gemtektechnologycoltd2546/6817/b36881f/tr069-manager-6817/test/tr069-manager_dm_adapter_gpn/test_gpn.h (ext=.h, size=5959)
2026-01-27 10:27:13,776 - Knowledge - INFO - Worker kw9 processing /app/data/gemtektechnologycoltd2546/6817/b36881f/tr069-manager-6817/test/tr069-manager_dm_adapter_gpv_all/test_data/aclfile.json
2026-01-27 10:27:13,870 - Knowledge - INFO - Batch sizing: calculated=4, max_allowed=10, queue=92, active_workers=9/11
2026-01-27 10:27:13,948 - Knowledge - INFO - [kw11] Queue=88, InProgress=0, PendingWorkers=9/11, Completed=0/132 (0.0%)
2026-01-27 10:27:14,028 - Knowledge - INFO - knowledge worker kw12 start
2026-01-27 10:27:14,028 - Knowledge - INFO - Worker kw13 created using shared MongoDB connection pool
2026-01-27 10:27:14,099 - Knowledge - INFO - Fast-tracked /app/data/gemtektechnologycoltd2546/6817/b36881f/tr069-manager-6817/test/tr069-manager_dm_adapter_mapping/test_mapping.c (ext=.c, size=4766)
2026-01-27 10:27:14,175 - Knowledge - INFO - Worker kw2 processing /app/data/gemtektechnologycoltd2546/6817/b36881f/tr069-manager-6817/test/tr069-manager_cwmp_plugin_download/test_download.h
2026-01-27 10:27:14,292 - Knowledge - INFO - Fast-tracked /app/data/gemtektechnologycoltd2546/6817/b36881f/tr069-manager-6817/test/tr069-manager_dm_adapter_gpa_all/test_get_parameter_attributes.c (ext=.c, size=6295)
2026-01-27 10:27:14,382 - Knowledge - INFO - Worker kw4 processing /app/data/gemtektechnologycoltd2546/6817/b36881f/tr069-manager-6817/test/tr069-manager_cwmp_plugin_manageable_device/test_main.c
2026-01-27 10:27:14,466 - Knowledge - INFO - Fast-tracked /app/data/gemtektechnologycoltd2546/6817/b36881f/tr069-manager-6817/test/tr069-manager_dm_adapter_change_du_state/test_change_du_state.h (ext=.h, size=6191)
2026-01-27 10:27:14,543 - Knowledge - INFO - Worker kw6 processing /app/data/gemtektechnologycoltd2546/6817/b36881f/tr069-manager-6817/test/tr069-manager_cwmp_plugin_change_du_state/test_data/update_du_rpc_arg.json
2026-01-27 10:27:14,622 - Knowledge - INFO - Fast-tracked /app/data/gemtektechnologycoltd2546/6817/b36881f/tr069-manager-6817/test/tr069-manager_cwmp_plugin_change_du_state/test_changedustate.h (ext=.h, size=3319)
2026-01-27 10:27:14,693 - Knowledge - INFO - Worker kw8 processing /app/data/gemtektechnologycoltd2546/6817/b36881f/tr069-manager-6817/test/tr069-manager_dm_adapter_gpn/test_data/aclfile.json
2026-01-27 10:27:14,775 - Knowledge - INFO - Fast-tracked /app/data/gemtektechnologycoltd2546/6817/b36881f/tr069-manager-6817/test/tr069-manager_dm_adapter_gpv_all/test_data/aclfile.json (ext=.json, size=148)
2026-01-27 10:27:14,855 - Knowledge - INFO - Worker kw10 processing /app/data/gemtektechnologycoltd2546/6817/b36881f/tr069-manager-6817/test/tr069-manager_cwmp_plugin/test_cwmp_plugin.h
2026-01-27 10:27:14,952 - Knowledge - INFO - Batch sizing: calculated=4, max_allowed=10, queue=88, active_workers=10/12
2026-01-27 10:27:15,042 - Knowledge - INFO - [kw12] Queue=84, InProgress=0, PendingWorkers=10/12, Completed=0/132 (0.0%)
2026-01-27 10:27:15,127 - Knowledge - INFO - knowledge worker kw13 start
2026-01-27 10:27:15,129 - Knowledge - INFO - Worker kw14 created using shared MongoDB connection pool
2026-01-27 10:27:15,287 - Knowledge - INFO - Processing batch of 5 files
2026-01-27 10:27:15,331 - Knowledge - INFO - Fast-tracked /app/data/gemtektechnologycoltd2546/6817/b36881f/tr069-manager-6817/test/tr069-manager_cwmp_plugin_download/test_download.h (ext=.h, size=3161)
2026-01-27 10:27:15,399 - Knowledge - INFO - Worker kw3 processing /app/data/gemtektechnologycoltd2546/6817/b36881f/tr069-manager-6817/test/tr069-manager_dm_adapter_gpa_all/test_data/aclfile.json
2026-01-27 10:27:15,492 - Knowledge - INFO - Fast-tracked /app/data/gemtektechnologycoltd2546/6817/b36881f/tr069-manager-6817/test/tr069-manager_cwmp_plugin_manageable_device/test_main.c (ext=.c, size=3902)
2026-01-27 10:27:15,576 - Knowledge - INFO - Worker kw5 processing /app/data/gemtektechnologycoltd2546/6817/b36881f/tr069-manager-6817/test/tr069-manager_dm_adapter_simple_functions/test_simple_functions.c
2026-01-27 10:27:15,710 - Knowledge - INFO - Fast-tracked /app/data/gemtektechnologycoltd2546/6817/b36881f/tr069-manager-6817/test/tr069-manager_cwmp_plugin_change_du_state/test_data/update_du_rpc_arg.json (ext=.json, size=279)
2026-01-27 10:27:15,797 - Knowledge - INFO - Worker kw7 processing /app/data/gemtektechnologycoltd2546/6817/b36881f/tr069-manager-6817/test/tr069-manager_dm_adapter_xmpp/test_adapter_xmpp.h
2026-01-27 10:27:15,911 - Knowledge - INFO - Fast-tracked /app/data/gemtektechnologycoltd2546/6817/b36881f/tr069-manager-6817/test/tr069-manager_dm_adapter_gpn/test_data/aclfile.json (ext=.json, size=69)
2026-01-27 10:27:15,990 - Knowledge - INFO - Worker kw9 processing /app/data/gemtektechnologycoltd2546/6817/b36881f/tr069-manager-6817/test/tr069-manager_dm_adapter_gpv_all/test_data/result.xml
2026-01-27 10:27:16,100 - Knowledge - INFO - Fast-tracked /app/data/gemtektechnologycoltd2546/6817/b36881f/tr069-manager-6817/test/tr069-manager_cwmp_plugin/test_cwmp_plugin.h (ext=.h, size=6270)
2026-01-27 10:27:16,201 - Knowledge - INFO - Worker kw11 processing /app/data/gemtektechnologycoltd2546/6817/b36881f/tr069-manager-6817/test/tr069-manager_dm_adapter_gpv/test_data/aclfile.json
2026-01-27 10:27:16,271 - Knowledge - INFO - Batch sizing: calculated=4, max_allowed=10, queue=84, active_workers=11/13
2026-01-27 10:27:16,364 - Knowledge - INFO - [kw13] Queue=80, InProgress=0, PendingWorkers=11/13, Completed=5/132 (3.8%)
2026-01-27 10:27:16,445 - Knowledge - INFO - knowledge worker kw14 start
2026-01-27 10:27:16,445 - Knowledge - INFO - Worker kw15 created using shared MongoDB connection pool
2026-01-27 10:27:16,523 - Knowledge - INFO - process ingested knowledge for /app/data/gemtektechnologycoltd2546/6817/b36881f/tr069-manager-6817/acl/cwmp/cwmp_plugin.json
2026-01-27 10:27:16,626 - Knowledge - INFO - Processing batch of 5 files
2026-01-27 10:27:16,682 - Knowledge - INFO - Fast-tracked /app/data/gemtektechnologycoltd2546/6817/b36881f/tr069-manager-6817/test/tr069-manager_dm_adapter_gpa_all/test_data/aclfile.json (ext=.json, size=148)
2026-01-27 10:27:16,800 - Knowledge - INFO - Worker kw4 processing /app/data/gemtektechnologycoltd2546/6817/b36881f/tr069-manager-6817/test/tr069-manager_cwmp_plugin_manageable_device/test_manageabledevice.c
2026-01-27 10:27:16,875 - Knowledge - INFO - Fast-tracked /app/data/gemtektechnologycoltd2546/6817/b36881f/tr069-manager-6817/test/tr069-manager_dm_adapter_simple_functions/test_simple_functions.c (ext=.c, size=4862)
2026-01-27 10:27:16,952 - Knowledge - INFO - Worker kw6 processing /app/data/gemtektechnologycoltd2546/6817/b36881f/tr069-manager-6817/test/tr069-manager_cwmp_plugin_change_du_state/test_data/install_du_rpc_arg.json
2026-01-27 10:27:17,085 - Knowledge - INFO - Fast-tracked /app/data/gemtektechnologycoltd2546/6817/b36881f/tr069-manager-6817/test/tr069-manager_dm_adapter_xmpp/test_adapter_xmpp.h (ext=.h, size=6132)
2026-01-27 10:27:17,165 - Knowledge - INFO - Worker kw8 processing /app/data/gemtektechnologycoltd2546/6817/b36881f/tr069-manager-6817/test/tr069-manager_dm_adapter_gpn/test_main.c
2026-01-27 10:27:17,246 - Knowledge - INFO - Fast-tracked /app/data/gemtektechnologycoltd2546/6817/b36881f/tr069-manager-6817/test/tr069-manager_dm_adapter_gpv_all/test_data/result.xml (ext=.xml, size=3961)
2026-01-27 10:27:17,325 - Knowledge - INFO - Worker kw10 processing /app/data/gemtektechnologycoltd2546/6817/b36881f/tr069-manager-6817/test/tr069-manager_cwmp_plugin/test_cwmp_plugin_main.c
2026-01-27 10:27:17,398 - Knowledge - INFO - Fast-tracked /app/data/gemtektechnologycoltd2546/6817/b36881f/tr069-manager-6817/test/tr069-manager_dm_adapter_gpv/test_data/aclfile.json (ext=.json, size=69)
2026-01-27 10:27:17,481 - Knowledge - INFO - Worker kw12 processing /app/data/gemtektechnologycoltd2546/6817/b36881f/tr069-manager-6817/test/common/dummy_be.h
2026-01-27 10:27:17,549 - Knowledge - INFO - Batch sizing: calculated=4, max_allowed=10, queue=80, active_workers=12/14
2026-01-27 10:27:17,631 - Knowledge - INFO - [kw14] Queue=76, InProgress=0, PendingWorkers=12/14, Completed=10/132 (7.6%)
2026-01-27 10:27:17,705 - Knowledge - INFO - knowledge worker kw15 start
2026-01-27 10:27:17,705 - Knowledge - INFO - Worker kw16 created using shared MongoDB connection pool
2026-01-27 10:27:17,781 - Knowledge - INFO - process ingested knowledge for /app/data/gemtektechnologycoltd2546/6817/b36881f/tr069-manager-6817/test/tr069-manager_dm_adapter_schedule_download/test_schedule_download_main.c
2026-01-27 10:27:17,856 - Knowledge - INFO - process ingested knowledge for /app/data/gemtektechnologycoltd2546/6817/b36881f/tr069-manager-6817/test/tr069-manager_dm_adapter_mapping/test_mapping.h
2026-01-27 10:27:17,952 - Knowledge - INFO - Processing batch of 5 files
2026-01-27 10:27:18,010 - Knowledge - INFO - Fast-tracked /app/data/gemtektechnologycoltd2546/6817/b36881f/tr069-manager-6817/test/tr069-manager_cwmp_plugin_manageable_device/test_manageabledevice.c (ext=.c, size=14515)
2026-01-27 10:27:18,092 - Knowledge - INFO - Worker kw5 processing /app/data/gemtektechnologycoltd2546/6817/b36881f/tr069-manager-6817/test/tr069-manager_dm_adapter_simple_functions/test_main.c
2026-01-27 10:27:18,180 - Knowledge - INFO - Fast-tracked /app/data/gemtektechnologycoltd2546/6817/b36881f/tr069-manager-6817/test/tr069-manager_cwmp_plugin_change_du_state/test_data/install_du_rpc_arg.json (ext=.json, size=311)
2026-01-27 10:27:18,272 - Knowledge - INFO - Worker kw7 processing /app/data/gemtektechnologycoltd2546/6817/b36881f/tr069-manager-6817/test/tr069-manager_dm_adapter_xmpp/test_adapter_xmpp.c
2026-01-27 10:27:18,351 - Knowledge - INFO - Fast-tracked /app/data/gemtektechnologycoltd2546/6817/b36881f/tr069-manager-6817/test/tr069-manager_dm_adapter_gpn/test_main.c (ext=.c, size=3237)
2026-01-27 10:27:18,433 - Knowledge - INFO - Worker kw9 processing /app/data/gemtektechnologycoltd2546/6817/b36881f/tr069-manager-6817/test/tr069-manager_dm_adapter_gpv_all/test_main.c
2026-01-27 10:27:18,535 - Knowledge - INFO - Fast-tracked /app/data/gemtektechnologycoltd2546/6817/b36881f/tr069-manager-6817/test/tr069-manager_cwmp_plugin/test_cwmp_plugin_main.c (ext=.c, size=3916)
2026-01-27 10:27:18,619 - Knowledge - INFO - Worker kw11 processing /app/data/gemtektechnologycoltd2546/6817/b36881f/tr069-manager-6817/test/tr069-manager_dm_adapter_gpv/test_data/test_gsdm.json
2026-01-27 10:27:18,706 - Knowledge - INFO - Fast-tracked /app/data/gemtektechnologycoltd2546/6817/b36881f/tr069-manager-6817/test/common/dummy_be.h (ext=.h, size=3115)
2026-01-27 10:27:18,776 - Knowledge - INFO - Worker kw13 processing /app/data/gemtektechnologycoltd2546/6817/b36881f/tr069-manager-6817/test/tr069-manager_cwmp_plugin_xmpp/test_main.c
2026-01-27 10:27:18,853 - Knowledge - INFO - Batch sizing: calculated=4, max_allowed=10, queue=76, active_workers=13/15
2026-01-27 10:27:18,930 - Knowledge - INFO - [kw15] Queue=72, InProgress=0, PendingWorkers=13/15, Completed=15/132 (11.4%)
2026-01-27 10:27:19,043 - Knowledge - INFO - knowledge worker kw16 start
2026-01-27 10:27:19,043 - Knowledge - INFO - Worker kw17 created using shared MongoDB connection pool
2026-01-27 10:27:19,169 - Knowledge - INFO - process ingested knowledge for /app/data/gemtektechnologycoltd2546/6817/b36881f/tr069-manager-6817/test/tr069-manager_dm_adapter_schedule_download/test_schedule_download.c
2026-01-27 10:27:19,244 - Knowledge - INFO - process ingested knowledge for /app/data/gemtektechnologycoltd2546/6817/b36881f/tr069-manager-6817/test/tr069-manager_dm_adapter_mapping/test_main.c
2026-01-27 10:27:19,312 - Knowledge - INFO - process ingested knowledge for /app/data/gemtektechnologycoltd2546/6817/b36881f/tr069-manager-6817/test/tr069-manager_cwmp_plugin_schedule_download/test_scheduledownload.h
2026-01-27 10:27:19,438 - Knowledge - INFO - Processing batch of 5 files
2026-01-27 10:27:19,508 - Knowledge - INFO - Fast-tracked /app/data/gemtektechnologycoltd2546/6817/b36881f/tr069-manager-6817/test/tr069-manager_dm_adapter_simple_functions/test_main.c (ext=.c, size=3360)
2026-01-27 10:27:19,580 - Knowledge - INFO - Worker kw6 processing /app/data/gemtektechnologycoltd2546/6817/b36881f/tr069-manager-6817/test/tr069-manager_cwmp_plugin_change_du_state/test_data/uninstall_du_rpc_arg.json
2026-01-27 10:27:19,670 - Knowledge - INFO - Fast-tracked /app/data/gemtektechnologycoltd2546/6817/b36881f/tr069-manager-6817/test/tr069-manager_dm_adapter_xmpp/test_adapter_xmpp.c (ext=.c, size=7185)
2026-01-27 10:27:19,774 - Knowledge - INFO - Worker kw8 processing /app/data/gemtektechnologycoltd2546/6817/b36881f/tr069-manager-6817/test/tr069-manager_dm_adapter_gpn/test_gpn.c
2026-01-27 10:27:19,861 - Knowledge - INFO - Fast-tracked /app/data/gemtektechnologycoltd2546/6817/b36881f/tr069-manager-6817/test/tr069-manager_dm_adapter_gpv_all/test_main.c (ext=.c, size=3670)
2026-01-27 10:27:19,938 - Knowledge - INFO - Worker kw10 processing /app/data/gemtektechnologycoltd2546/6817/b36881f/tr069-manager-6817/test/tr069-manager_cwmp_plugin/test_cwmp_plugin.c
2026-01-27 10:27:20,055 - Knowledge - INFO - Fast-tracked /app/data/gemtektechnologycoltd2546/6817/b36881f/tr069-manager-6817/test/tr069-manager_dm_adapter_gpv/test_data/test_gsdm.json (ext=.json, size=2420)
2026-01-27 10:27:20,175 - Knowledge - INFO - Worker kw12 processing /app/data/gemtektechnologycoltd2546/6817/b36881f/tr069-manager-6817/test/common/dummy_be.c
2026-01-27 10:27:20,264 - Knowledge - INFO - Fast-tracked /app/data/gemtektechnologycoltd2546/6817/b36881f/tr069-manager-6817/test/tr069-manager_cwmp_plugin_xmpp/test_main.c (ext=.c, size=4343)
2026-01-27 10:27:20,343 - Knowledge - INFO - Worker kw14 processing /app/data/gemtektechnologycoltd2546/6817/b36881f/tr069-manager-6817/test/tr069-manager_dm_adapter/acl_test.json
2026-01-27 10:27:20,434 - Knowledge - INFO - Batch sizing: calculated=4, max_allowed=10, queue=72, active_workers=14/16
2026-01-27 10:27:20,512 - Knowledge - INFO - [kw16] Queue=68, InProgress=0, PendingWorkers=14/16, Completed=20/132 (15.2%)
2026-01-27 10:27:20,591 - Knowledge - INFO - knowledge worker kw17 start
2026-01-27 10:27:20,591 - Knowledge - INFO - Worker kw18 created using shared MongoDB connection pool
2026-01-27 10:27:20,684 - Knowledge - INFO - process ingested knowledge for /app/data/gemtektechnologycoltd2546/6817/b36881f/tr069-manager-6817/test/tr069-manager_dm_adapter_schedule_download/test_schedule_download.h
2026-01-27 10:27:20,755 - Knowledge - INFO - process ingested knowledge for /app/data/gemtektechnologycoltd2546/6817/b36881f/tr069-manager-6817/test/tr069-manager_cwmp_plugin_download/test_download.c
2026-01-27 10:27:20,885 - Knowledge - INFO - process ingested knowledge for /app/data/gemtektechnologycoltd2546/6817/b36881f/tr069-manager-6817/test/tr069-manager_cwmp_plugin_schedule_download/test_main.c
2026-01-27 10:27:20,965 - Knowledge - INFO - process ingested knowledge for /app/data/gemtektechnologycoltd2546/6817/b36881f/tr069-manager-6817/test/tr069-manager_dm_adapter_gpa_all/test_main.c
2026-01-27 10:27:21,105 - Knowledge - INFO - Processing batch of 5 files
2026-01-27 10:27:21,211 - Knowledge - INFO - Fast-tracked /app/data/gemtektechnologycoltd2546/6817/b36881f/tr069-manager-6817/test/tr069-manager_cwmp_plugin_change_du_state/test_data/uninstall_du_rpc_arg.json (ext=.json, size=233)
2026-01-27 10:27:21,328 - Knowledge - INFO - Worker kw7 processing /app/data/gemtektechnologycoltd2546/6817/b36881f/tr069-manager-6817/test/tr069-manager_dm_adapter_xmpp/test_main.c
2026-01-27 10:27:21,429 - Knowledge - INFO - Fast-tracked /app/data/gemtektechnologycoltd2546/6817/b36881f/tr069-manager-6817/test/tr069-manager_dm_adapter_gpn/test_gpn.c (ext=.c, size=10338)
2026-01-27 10:27:21,518 - Knowledge - INFO - Worker kw9 processing /app/data/gemtektechnologycoltd2546/6817/b36881f/tr069-manager-6817/test/tr069-manager_dm_adapter_gpv_all/test_get_parameter_values.c
2026-01-27 10:27:21,615 - Knowledge - INFO - Fast-tracked /app/data/gemtektechnologycoltd2546/6817/b36881f/tr069-manager-6817/test/tr069-manager_cwmp_plugin/test_cwmp_plugin.c (ext=.c, size=9244)
2026-01-27 10:27:21,686 - Knowledge - INFO - Worker kw11 processing /app/data/gemtektechnologycoltd2546/6817/b36881f/tr069-manager-6817/test/tr069-manager_dm_adapter_gpv/test_main.c
2026-01-27 10:27:21,766 - Knowledge - INFO - Fast-tracked /app/data/gemtektechnologycoltd2546/6817/b36881f/tr069-manager-6817/test/common/dummy_be.c (ext=.c, size=7488)
2026-01-27 10:27:21,847 - Knowledge - INFO - Worker kw13 processing /app/data/gemtektechnologycoltd2546/6817/b36881f/tr069-manager-6817/test/tr069-manager_dm_adapter/test_dm_adapter.h
2026-01-27 10:27:21,925 - Knowledge - INFO - Fast-tracked /app/data/gemtektechnologycoltd2546/6817/b36881f/tr069-manager-6817/test/tr069-manager_dm_adapter/acl_test.json (ext=.json, size=1225)
2026-01-27 10:27:22,045 - Knowledge - INFO - Worker kw15 processing /app/data/gemtektechnologycoltd2546/6817/b36881f/tr069-manager-6817/test/run-tr069-manager_get_certificate_uri/test_cwmp_get_certificate_uri.c
2026-01-27 10:27:22,121 - Knowledge - INFO - Batch sizing: calculated=4, max_allowed=10, queue=68, active_workers=15/17
2026-01-27 10:27:22,202 - Knowledge - INFO - [kw17] Queue=64, InProgress=0, PendingWorkers=15/17, Completed=25/132 (18.9%)
2026-01-27 10:27:22,312 - Knowledge - INFO - knowledge worker kw18 start
2026-01-27 10:27:22,312 - Knowledge - INFO - Worker kw19 created using shared MongoDB connection pool
2026-01-27 10:27:22,395 - Knowledge - INFO - process ingested knowledge for /app/data/gemtektechnologycoltd2546/6817/b36881f/tr069-manager-6817/test/tr069-manager_dm_adapter_mapping/test_mapping.c
2026-01-27 10:27:22,485 - Knowledge - INFO - process ingested knowledge for /app/data/gemtektechnologycoltd2546/6817/b36881f/tr069-manager-6817/test/tr069-manager_cwmp_plugin_download/test_main.c
2026-01-27 10:27:22,567 - Knowledge - INFO - process ingested knowledge for /app/data/gemtektechnologycoltd2546/6817/b36881f/tr069-manager-6817/test/tr069-manager_cwmp_plugin_schedule_download/test_scheduledownload.c
2026-01-27 10:27:22,649 - Knowledge - INFO - process ingested knowledge for /app/data/gemtektechnologycoltd2546/6817/b36881f/tr069-manager-6817/test/tr069-manager_dm_adapter_gpa_all/test_get_parameter_attributes.h
2026-01-27 10:27:22,734 - Knowledge - INFO - process ingested knowledge for /app/data/gemtektechnologycoltd2546/6817/b36881f/tr069-manager-6817/test/tr069-manager_dm_adapter_change_du_state/test_change_du_state.c
2026-01-27 10:27:22,845 - Knowledge - INFO - Processing batch of 5 files
2026-01-27 10:27:22,910 - Knowledge - INFO - Fast-tracked /app/data/gemtektechnologycoltd2546/6817/b36881f/tr069-manager-6817/test/tr069-manager_dm_adapter_xmpp/test_main.c (ext=.c, size=3559)
2026-01-27 10:27:22,995 - Knowledge - INFO - Worker kw8 processing /app/data/gemtektechnologycoltd2546/6817/b36881f/tr069-manager-6817/test/tr069-manager_dm_adapter_gpv_all/test_get_parameter_values.h
2026-01-27 10:27:23,078 - Knowledge - INFO - Fast-tracked /app/data/gemtektechnologycoltd2546/6817/b36881f/tr069-manager-6817/test/tr069-manager_dm_adapter_gpv_all/test_get_parameter_values.c (ext=.c, size=6233)
2026-01-27 10:27:23,150 - Knowledge - INFO - Worker kw10 processing /app/data/gemtektechnologycoltd2546/6817/b36881f/tr069-manager-6817/test/tr069-manager_dm_adapter_gpv/test_gpv.h
2026-01-27 10:27:23,269 - Knowledge - INFO - Fast-tracked /app/data/gemtektechnologycoltd2546/6817/b36881f/tr069-manager-6817/test/tr069-manager_dm_adapter_gpv/test_main.c (ext=.c, size=3466)
2026-01-27 10:27:23,381 - Knowledge - INFO - Worker kw12 processing /app/data/gemtektechnologycoltd2546/6817/b36881f/tr069-manager-6817/test/tr069-manager_cwmp_plugin_xmpp/test_xmpp.h
2026-01-27 10:27:23,466 - Knowledge - INFO - Fast-tracked /app/data/gemtektechnologycoltd2546/6817/b36881f/tr069-manager-6817/test/tr069-manager_dm_adapter/test_dm_adapter.h (ext=.h, size=6194)
2026-01-27 10:27:23,545 - Knowledge - INFO - Worker kw14 processing /app/data/gemtektechnologycoltd2546/6817/b36881f/tr069-manager-6817/test/test_defines.mk
2026-01-27 10:27:23,631 - Knowledge - INFO - Fast-tracked /app/data/gemtektechnologycoltd2546/6817/b36881f/tr069-manager-6817/test/run-tr069-manager_get_certificate_uri/test_cwmp_get_certificate_uri.c (ext=.c, size=3162)
2026-01-27 10:27:23,724 - Knowledge - INFO - Worker kw16 processing /app/data/gemtektechnologycoltd2546/6817/b36881f/tr069-manager-6817/src/dmdeviceadapter/amx/adapter/DM_AmxAddDelete.h
2026-01-27 10:27:23,808 - Knowledge - INFO - Batch sizing: calculated=4, max_allowed=10, queue=64, active_workers=16/18
2026-01-27 10:27:23,921 - Knowledge - INFO - [kw18] Queue=60, InProgress=0, PendingWorkers=16/18, Completed=30/132 (22.7%)
2026-01-27 10:27:24,006 - Knowledge - INFO - knowledge worker kw19 start
2026-01-27 10:27:24,010 - Knowledge - INFO - Worker kw20 created using shared MongoDB connection pool
2026-01-27 10:27:24,193 - Knowledge - INFO - process ingested knowledge for /app/data/gemtektechnologycoltd2546/6817/b36881f/tr069-manager-6817/test/tr069-manager_cwmp_plugin_download/test_download.h
2026-01-27 10:27:24,304 - Knowledge - INFO - process ingested knowledge for /app/data/gemtektechnologycoltd2546/6817/b36881f/tr069-manager-6817/test/tr069-manager_dm_adapter_gpa_all/test_get_parameter_attributes.c
2026-01-27 10:27:24,394 - Knowledge - INFO - process ingested knowledge for /app/data/gemtektechnologycoltd2546/6817/b36881f/tr069-manager-6817/test/tr069-manager_cwmp_plugin_manageable_device/test_manageabledevice.h
2026-01-27 10:27:24,500 - Knowledge - INFO - process ingested knowledge for /app/data/gemtektechnologycoltd2546/6817/b36881f/tr069-manager-6817/test/tr069-manager_dm_adapter_change_du_state/test_main.c
2026-01-27 10:27:24,586 - Knowledge - INFO - process ingested knowledge for /app/data/gemtektechnologycoltd2546/6817/b36881f/tr069-manager-6817/test/tr069-manager_dm_adapter_simple_functions/test_simple_functions.h
2026-01-27 10:27:24,630 - Knowledge - INFO - [WEBSOCKET] Sent: Type=progress_update, Size: 290, Duration: 0ms
2026-01-27 10:27:24,824 - Knowledge - INFO - Fast-tracked /app/data/gemtektechnologycoltd2546/6817/b36881f/tr069-manager-6817/test/tr069-manager_dm_adapter_gpv_all/test_get_parameter_values.h (ext=.h, size=6091)
2026-01-27 10:27:24,982 - Knowledge - INFO - Fast-tracked /app/data/gemtektechnologycoltd2546/6817/b36881f/tr069-manager-6817/test/tr069-manager_dm_adapter_gpv/test_gpv.h (ext=.h, size=6006)
2026-01-27 10:27:25,095 - Knowledge - INFO - Worker kw11 processing /app/data/gemtektechnologycoltd2546/6817/b36881f/tr069-manager-6817/test/tr069-manager_dm_adapter_gpv/test_gpv.c
2026-01-27 10:27:25,181 - Knowledge - INFO - Fast-tracked /app/data/gemtektechnologycoltd2546/6817/b36881f/tr069-manager-6817/test/tr069-manager_cwmp_plugin_xmpp/test_xmpp.h (ext=.h, size=3571)
2026-01-27 10:27:25,267 - Knowledge - INFO - Worker kw13 processing /app/data/gemtektechnologycoltd2546/6817/b36881f/tr069-manager-6817/test/tr069-manager_dm_adapter/test_dm_adapter.c
2026-01-27 10:27:25,357 - Knowledge - INFO - Fast-tracked /app/data/gemtektechnologycoltd2546/6817/b36881f/tr069-manager-6817/test/test_defines.mk (ext=.mk, size=829)
2026-01-27 10:27:25,442 - Knowledge - INFO - Worker kw15 processing /app/data/gemtektechnologycoltd2546/6817/b36881f/tr069-manager-6817/test/test_targets.mk
2026-01-27 10:27:25,515 - Knowledge - INFO - Worker kw16 processing /app/data/gemtektechnologycoltd2546/6817/b36881f/tr069-manager-6817/src/dmdeviceadapter/amx/adapter/DM_AmxParameter.c
2026-01-27 10:27:25,683 - Knowledge - INFO - Batch sizing: calculated=4, max_allowed=10, queue=60, active_workers=17/19
2026-01-27 10:27:25,767 - Knowledge - INFO - [kw19] Queue=56, InProgress=0, PendingWorkers=17/19, Completed=34/132 (25.8%)
2026-01-27 10:27:25,832 - Knowledge - INFO - knowledge worker kw20 start
2026-01-27 10:27:26,039 - Knowledge - INFO - process ingested knowledge for /app/data/gemtektechnologycoltd2546/6817/b36881f/tr069-manager-6817/test/tr069-manager_dm_adapter_gpa_all/test_data/aclfile.json
2026-01-27 10:27:26,115 - Knowledge - INFO - process ingested knowledge for /app/data/gemtektechnologycoltd2546/6817/b36881f/tr069-manager-6817/test/tr069-manager_cwmp_plugin_manageable_device/test_main.c
2026-01-27 10:27:26,199 - Knowledge - INFO - process ingested knowledge for /app/data/gemtektechnologycoltd2546/6817/b36881f/tr069-manager-6817/test/tr069-manager_dm_adapter_change_du_state/test_change_du_state.h
2026-01-27 10:27:26,286 - Knowledge - INFO - process ingested knowledge for /app/data/gemtektechnologycoltd2546/6817/b36881f/tr069-manager-6817/test/tr069-manager_cwmp_plugin_change_du_state/test_changedustate.c
2026-01-27 10:27:26,351 - Knowledge - INFO - Worker kw17 processing /app/data/gemtektechnologycoltd2546/6817/b36881f/tr069-manager-6817/src/dmdeviceadapter/amx/adapter/DM_AmxParameterNames.c
2026-01-27 10:27:26,352 - Knowledge - INFO - [WEBSOCKET] Sent: Type=unknown, Size: ?, Duration: 1723ms
2026-01-27 10:27:26,643 - Knowledge - INFO - Fast-tracked /app/data/gemtektechnologycoltd2546/6817/b36881f/tr069-manager-6817/test/tr069-manager_dm_adapter_gpv/test_gpv.c (ext=.c, size=705514)
2026-01-27 10:27:26,721 - Knowledge - INFO - Worker kw12 processing /app/data/gemtektechnologycoltd2546/6817/b36881f/tr069-manager-6817/test/tr069-manager_cwmp_plugin_xmpp/test_xmpp.c
2026-01-27 10:27:26,849 - Knowledge - INFO - Fast-tracked /app/data/gemtektechnologycoltd2546/6817/b36881f/tr069-manager-6817/test/tr069-manager_dm_adapter/test_dm_adapter.c (ext=.c, size=72253)
2026-01-27 10:27:26,946 - Knowledge - INFO - Worker kw14 processing /app/data/gemtektechnologycoltd2546/6817/b36881f/tr069-manager-6817/test/run-tr069-manager_get_certificate_uri/test_cwmp_get_certificate_uri.h
2026-01-27 10:27:27,067 - Knowledge - INFO - Fast-tracked /app/data/gemtektechnologycoltd2546/6817/b36881f/tr069-manager-6817/test/test_targets.mk (ext=.mk, size=1369)
2026-01-27 10:27:27,184 - Knowledge - INFO - Worker kw16 processing /app/data/gemtektechnologycoltd2546/6817/b36881f/tr069-manager-6817/src/dmdeviceadapter/amx/adapter/DM_AmxUpDownload.c
2026-01-27 10:27:27,420 - Knowledge - INFO - Batch sizing: calculated=4, max_allowed=10, queue=56, active_workers=18/20
2026-01-27 10:27:27,490 - Knowledge - INFO - [kw20] Queue=52, InProgress=0, PendingWorkers=18/20, Completed=36/132 (27.3%)
2026-01-27 10:27:27,658 - Knowledge - INFO - process ingested knowledge for /app/data/gemtektechnologycoltd2546/6817/b36881f/tr069-manager-6817/test/tr069-manager_cwmp_plugin_manageable_device/test_manageabledevice.c
2026-01-27 10:27:27,829 - Knowledge - INFO - process ingested knowledge for /app/data/gemtektechnologycoltd2546/6817/b36881f/tr069-manager-6817/test/tr069-manager_dm_adapter_simple_functions/test_simple_functions.c
2026-01-27 10:27:27,913 - Knowledge - INFO - process ingested knowledge for /app/data/gemtektechnologycoltd2546/6817/b36881f/tr069-manager-6817/test/tr069-manager_cwmp_plugin_change_du_state/test_data/update_du_rpc_arg.json
2026-01-27 10:27:27,964 - Knowledge - INFO - Worker kw17 processing /app/data/gemtektechnologycoltd2546/6817/b36881f/tr069-manager-6817/src/dmdeviceadapter/amx/adapter/DM_AmxSystemConnection.c
2026-01-27 10:27:28,071 - Knowledge - INFO - Progress: 22.7% | Files: 36/132 | Rate: 1.37 files/sec | Queue: 52
2026-01-27 10:27:28,077 - Knowledge - INFO - Worker kw18 processing /app/data/gemtektechnologycoltd2546/6817/b36881f/tr069-manager-6817/src/dmdeviceadapter/amx/adapter/DM_AmxRPCInterface.h
2026-01-27 10:27:28,080 - Knowledge - INFO - [kw2] Queue=52, InProgress=0, PendingWorkers=18/20, Completed=38/132 (28.8%)
2026-01-27 10:27:28,080 - Knowledge - INFO - [WEBSOCKET] Sent: Type=progress_update, Size: 291, Duration: 0ms
2026-01-27 10:27:28,224 - Knowledge - INFO - Fast-tracked /app/data/gemtektechnologycoltd2546/6817/b36881f/tr069-manager-6817/test/tr069-manager_cwmp_plugin_xmpp/test_xmpp.c (ext=.c, size=10646)
2026-01-27 10:27:28,300 - Knowledge - INFO - Worker kw13 processing /app/data/gemtektechnologycoltd2546/6817/b36881f/tr069-manager-6817/test/tr069-manager_dm_adapter/test_dm_adapter_main.c
2026-01-27 10:27:28,376 - Knowledge - INFO - Fast-tracked /app/data/gemtektechnologycoltd2546/6817/b36881f/tr069-manager-6817/test/run-tr069-manager_get_certificate_uri/test_cwmp_get_certificate_uri.h (ext=.h, size=1097)
2026-01-27 10:27:28,471 - Knowledge - INFO - Worker kw15 processing /app/data/gemtektechnologycoltd2546/6817/b36881f/tr069-manager-6817/src/dmdeviceadapter/amx/adapter/DM_AmxCommon.c
2026-01-27 10:27:28,558 - Knowledge - INFO - Worker kw16 processing /app/data/gemtektechnologycoltd2546/6817/b36881f/tr069-manager-6817/src/dmdeviceadapter/amx/adapter/DM_AmxChangeDUState.h
2026-01-27 10:27:28,717 - Knowledge - INFO - Batch sizing: calculated=4, max_allowed=10, queue=52, active_workers=19/20
2026-01-27 10:27:28,911 - Knowledge - INFO - process ingested knowledge for /app/data/gemtektechnologycoltd2546/6817/b36881f/tr069-manager-6817/test/tr069-manager_dm_adapter_simple_functions/test_main.c
2026-01-27 10:27:29,061 - Knowledge - INFO - process ingested knowledge for /app/data/gemtektechnologycoltd2546/6817/b36881f/tr069-manager-6817/test/tr069-manager_cwmp_plugin_change_du_state/test_data/install_du_rpc_arg.json
2026-01-27 10:27:29,078 - Knowledge - INFO - Worker kw17 processing /app/data/gemtektechnologycoltd2546/6817/b36881f/tr069-manager-6817/src/dmdeviceadapter/amx/adapter/DM_AmxScheduleDownload.c
2026-01-27 10:27:29,161 - Knowledge - INFO - [kw1] Queue=48, InProgress=0, PendingWorkers=19/20, Completed=41/132 (31.1%)
2026-01-27 10:27:29,244 - Knowledge - INFO - Worker kw18 processing /app/data/gemtektechnologycoltd2546/6817/b36881f/tr069-manager-6817/src/dmdeviceadapter/amx/adapter/DM_AmxReset.c
2026-01-27 10:27:29,330 - Knowledge - INFO - Batch sizing: calculated=4, max_allowed=10, queue=52, active_workers=19/20
2026-01-27 10:27:29,410 - Knowledge - INFO - Worker kw19 processing /app/data/gemtektechnologycoltd2546/6817/b36881f/tr069-manager-6817/src/dmdeviceadapter/amx/adapter/DM_AmxScheduleDownload.h
2026-01-27 10:27:29,411 - Knowledge - INFO - Processing batch of 4 files
2026-01-27 10:27:29,412 - Knowledge - INFO - [kw4] Queue=48, InProgress=0, PendingWorkers=19/20, Completed=45/132 (34.1%)
2026-01-27 10:27:29,412 - Knowledge - INFO - [WEBSOCKET] Sent: Type=unknown, Size: ?, Duration: 1332ms
2026-01-27 10:27:29,604 - Knowledge - INFO - Fast-tracked /app/data/gemtektechnologycoltd2546/6817/b36881f/tr069-manager-6817/test/tr069-manager_dm_adapter/test_dm_adapter_main.c (ext=.c, size=5761)
2026-01-27 10:27:29,673 - Knowledge - INFO - Worker kw14 processing /app/data/gemtektechnologycoltd2546/6817/b36881f/tr069-manager-6817/test/run-tr069-manager_get_certificate_uri/test_main.c
2026-01-27 10:27:29,795 - Knowledge - INFO - Worker kw15 processing /app/data/gemtektechnologycoltd2546/6817/b36881f/tr069-manager-6817/src/dmdeviceadapter/amx/adapter/DM_AmxParameterValues.c
2026-01-27 10:27:30,134 - Knowledge - INFO - process ingested knowledge for /app/data/gemtektechnologycoltd2546/6817/b36881f/tr069-manager-6817/test/tr069-manager_cwmp_plugin_change_du_state/test_data/uninstall_du_rpc_arg.json
2026-01-27 10:27:30,218 - Knowledge - INFO - Worker kw17 processing /app/data/gemtektechnologycoltd2546/6817/b36881f/tr069-manager-6817/src/dmdeviceadapter/amx/adapter/DM_DeviceAdapter.c
2026-01-27 10:27:30,303 - Knowledge - INFO - Batch sizing: calculated=4, max_allowed=10, queue=48, active_workers=20/20
2026-01-27 10:27:30,387 - Knowledge - INFO - Worker kw18 processing /app/data/gemtektechnologycoltd2546/6817/b36881f/tr069-manager-6817/src/dmdeviceadapter/amx/adapter/DM_AmxACSConnection.c
2026-01-27 10:27:30,546 - Knowledge - INFO - Worker kw19 processing /app/data/gemtektechnologycoltd2546/6817/b36881f/tr069-manager-6817/src/dmdeviceadapter/amx/adapter/DM_AmxParameterNames.h
2026-01-27 10:27:30,615 - Knowledge - INFO - process ingested knowledge for /app/data/gemtektechnologycoltd2546/6817/b36881f/tr069-manager-6817/test/tr069-manager_dm_adapter_gpv_all/test_data/aclfile.json
2026-01-27 10:27:30,693 - Knowledge - INFO - Batch sizing: calculated=4, max_allowed=10, queue=48, active_workers=20/20
2026-01-27 10:27:30,768 - Knowledge - INFO - Progress: 28.8% | Files: 46/132 | Rate: 1.55 files/sec | Queue: 40
2026-01-27 10:27:30,772 - Knowledge - INFO - Worker kw20 processing /app/data/gemtektechnologycoltd2546/6817/b36881f/tr069-manager-6817/src/dmdeviceadapter/amx/adapter/DM_AmxCommon.h
2026-01-27 10:27:30,772 - Knowledge - INFO - Async storing batch of 5 embeddings
2026-01-27 10:27:30,773 - Knowledge - INFO - [kw5] Queue=40, InProgress=0, PendingWorkers=20/20, Completed=49/132 (37.1%)
2026-01-27 10:27:30,799 - Knowledge - INFO - Processing batch of 4 files
2026-01-27 10:27:30,799 - Knowledge - INFO - Processing batch of 5 files
2026-01-27 10:27:30,799 - Knowledge - INFO - Processing batch of 4 files
2026-01-27 10:27:30,810 - Knowledge - INFO - Processing batch of 5 files
2026-01-27 10:27:30,816 - Knowledge - INFO - Processing batch of 4 files
2026-01-27 10:27:30,883 - Knowledge - INFO - Processing batch of 4 files
2026-01-27 10:27:30,981 - Knowledge - INFO - Fast-tracked /app/data/gemtektechnologycoltd2546/6817/b36881f/tr069-manager-6817/test/run-tr069-manager_get_certificate_uri/test_main.c (ext=.c, size=751)
2026-01-27 10:27:31,369 - Knowledge - INFO - Async storing batch of 5 embeddings
2026-01-27 10:27:31,446 - Knowledge - INFO - Worker kw18 processing /app/data/gemtektechnologycoltd2546/6817/b36881f/tr069-manager-6817/src/dmdeviceadapter/amx/adapter/DM_AmxSystemConnection.h
2026-01-27 10:27:31,524 - Knowledge - INFO - Worker kw19 processing /app/data/gemtektechnologycoltd2546/6817/b36881f/tr069-manager-6817/src/dmdeviceadapter/amx/adapter/DM_AmxParameterNames_prpl.c
2026-01-27 10:27:31,594 - Knowledge - INFO - process ingested knowledge for /app/data/gemtektechnologycoltd2546/6817/b36881f/tr069-manager-6817/test/tr069-manager_dm_adapter_gpv_all/test_data/result.xml
2026-01-27 10:27:31,689 - Knowledge - INFO - Async storing batch of 5 embeddings
2026-01-27 10:27:31,714 - Knowledge - INFO - [WEBSOCKET] Sent: Type=progress_update, Size: 289, Duration: 0ms
2026-01-27 10:27:31,755 - Knowledge - INFO - [kw3] Queue=32, InProgress=0, PendingWorkers=20/20, Completed=60/132 (45.5%)
2026-01-27 10:27:31,830 - Knowledge - INFO - Worker kw20 processing /app/data/gemtektechnologycoltd2546/6817/b36881f/tr069-manager-6817/src/dmdeviceadapter/amx/adapter/DM_AmxParameterValues_prpl.c
2026-01-27 10:27:31,910 - Knowledge - INFO - Worker kw2 processing /app/data/gemtektechnologycoltd2546/6817/b36881f/tr069-manager-6817/src/dmdeviceadapter/amx/adapter/DM_AmxRPCInterface.c
2026-01-27 10:27:31,981 - Knowledge - INFO - Batch sizing: calculated=4, max_allowed=10, queue=40, active_workers=20/20
2026-01-27 10:27:32,093 - Knowledge - INFO - process ingested knowledge for /app/data/gemtektechnologycoltd2546/6817/b36881f/tr069-manager-6817/test/tr069-manager_dm_adapter_gpv/test_data/aclfile.json
2026-01-27 10:27:32,184 - Knowledge - INFO - process ingested knowledge for /app/data/gemtektechnologycoltd2546/6817/b36881f/tr069-manager-6817/test/tr069-manager_dm_adapter_gpn/test_gpn.h
2026-01-27 10:27:32,263 - Knowledge - INFO - process ingested knowledge for /app/data/gemtektechnologycoltd2546/6817/b36881f/tr069-manager-6817/test/tr069-manager_cwmp_plugin/test_cwmp_plugin.h
2026-01-27 10:27:32,340 - Knowledge - INFO - process ingested knowledge for /app/data/gemtektechnologycoltd2546/6817/b36881f/tr069-manager-6817/test/tr069-manager_cwmp_plugin_change_du_state/test_main.c
2026-01-27 10:27:32,422 - Knowledge - INFO - process ingested knowledge for /app/data/gemtektechnologycoltd2546/6817/b36881f/tr069-manager-6817/test/common/dummy_be.h
2026-01-27 10:27:32,504 - Knowledge - INFO - process ingested knowledge for /app/data/gemtektechnologycoltd2546/6817/b36881f/tr069-manager-6817/test/tr069-manager_cwmp_plugin_xmpp/test_main.c
2026-01-27 10:27:32,696 - Knowledge - INFO - Worker kw1 processing /app/data/gemtektechnologycoltd2546/6817/b36881f/tr069-manager-6817/src/dmdeviceadapter/amx/adapter/DM_AmxChangeDUState.c
2026-01-27 10:27:32,855 - Knowledge - INFO - Worker kw19 processing /app/data/gemtektechnologycoltd2546/6817/b36881f/tr069-manager-6817/src/dmdeviceadapter/amx/adapter/DM_AmxUpDownload.h
2026-01-27 10:27:32,941 - Knowledge - INFO - process ingested knowledge for /app/data/gemtektechnologycoltd2546/6817/b36881f/tr069-manager-6817/test/tr069-manager_dm_adapter_gpv_all/test_main.c
2026-01-27 10:27:33,023 - Knowledge - INFO - Worker kw4 processing /app/data/gemtektechnologycoltd2546/6817/b36881f/tr069-manager-6817/src/dmdeviceadapter/amx/cwmp_plugin/scripts/tr069_1_vendor_conf_prepare.sh
2026-01-27 10:27:33,102 - Knowledge - INFO - [WEBSOCKET] Sent: Type=unknown, Size: ?, Duration: 1388ms
2026-01-27 10:27:33,175 - Knowledge - INFO - Batch sizing: calculated=4, max_allowed=10, queue=32, active_workers=20/20
2026-01-27 10:27:33,251 - Knowledge - INFO - Worker kw20 processing /app/data/gemtektechnologycoltd2546/6817/b36881f/tr069-manager-6817/src/dmdeviceadapter/amx/adapter/DM_AmxParameterValues.h
2026-01-27 10:27:33,364 - Knowledge - INFO - Worker kw2 processing /app/data/gemtektechnologycoltd2546/6817/b36881f/tr069-manager-6817/src/dmdeviceadapter/amx/adapter/DM_AmxAddDelete.c
2026-01-27 10:27:33,568 - Knowledge - INFO - process ingested knowledge for /app/data/gemtektechnologycoltd2546/6817/b36881f/tr069-manager-6817/test/tr069-manager_dm_adapter_gpv/test_data/test_gsdm.json
2026-01-27 10:27:33,660 - Knowledge - INFO - process ingested knowledge for /app/data/gemtektechnologycoltd2546/6817/b36881f/tr069-manager-6817/test/tr069-manager_dm_adapter_gpn/test_data/aclfile.json
2026-01-27 10:27:33,749 - Knowledge - INFO - process ingested knowledge for /app/data/gemtektechnologycoltd2546/6817/b36881f/tr069-manager-6817/test/tr069-manager_cwmp_plugin/test_cwmp_plugin_main.c
2026-01-27 10:27:33,852 - Knowledge - INFO - process ingested knowledge for /app/data/gemtektechnologycoltd2546/6817/b36881f/tr069-manager-6817/test/tr069-manager_cwmp_plugin_change_du_state/test_changedustate.h
2026-01-27 10:27:33,947 - Knowledge - INFO - process ingested knowledge for /app/data/gemtektechnologycoltd2546/6817/b36881f/tr069-manager-6817/test/common/dummy_be.c
2026-01-27 10:27:34,043 - Knowledge - INFO - process ingested knowledge for /app/data/gemtektechnologycoltd2546/6817/b36881f/tr069-manager-6817/test/tr069-manager_dm_adapter/test_dm_adapter.h
2026-01-27 10:27:34,131 - Knowledge - INFO - Worker kw1 processing /app/data/gemtektechnologycoltd2546/6817/b36881f/tr069-manager-6817/src/dmdeviceadapter/amx/adapter/DM_DeviceAdapter_prpl.c
2026-01-27 10:27:34,307 - Knowledge - INFO - process ingested knowledge for /app/data/gemtektechnologycoltd2546/6817/b36881f/tr069-manager-6817/test/tr069-manager_dm_adapter_gpv_all/test_get_parameter_values.c
2026-01-27 10:27:34,386 - Knowledge - INFO - Fast-tracked /app/data/gemtektechnologycoltd2546/6817/b36881f/tr069-manager-6817/src/dmdeviceadapter/amx/cwmp_plugin/scripts/tr069_1_vendor_conf_prepare.sh (ext=.sh, size=259)
2026-01-27 10:27:34,460 - Knowledge - INFO - Progress: 45.5% | Files: 63/132 | Rate: 1.89 files/sec | Queue: 28
2026-01-27 10:27:34,460 - Knowledge - INFO - Async storing batch of 5 embeddings
2026-01-27 10:27:34,481 - Knowledge - INFO - Processing batch of 4 files
2026-01-27 10:27:34,538 - Knowledge - INFO - Async storing batch of 5 embeddings
2026-01-27 10:27:34,681 - Knowledge - INFO - Worker kw20 processing /app/data/gemtektechnologycoltd2546/6817/b36881f/tr069-manager-6817/src/dmdeviceadapter/amx/adapter/DM_AmxParameter.h
2026-01-27 10:27:34,759 - Knowledge - INFO - Worker kw2 processing /app/data/gemtektechnologycoltd2546/6817/b36881f/tr069-manager-6817/src/dmdeviceadapter/amx/adapter/DM_AmxACSConnection.h
2026-01-27 10:27:34,854 - Knowledge - INFO - process ingested knowledge for /app/data/gemtektechnologycoltd2546/6817/b36881f/tr069-manager-6817/test/tr069-manager_dm_adapter_gpv/test_main.c
2026-01-27 10:27:34,930 - Knowledge - INFO - process ingested knowledge for /app/data/gemtektechnologycoltd2546/6817/b36881f/tr069-manager-6817/test/tr069-manager_dm_adapter_gpn/test_main.c
2026-01-27 10:27:35,002 - Knowledge - INFO - process ingested knowledge for /app/data/gemtektechnologycoltd2546/6817/b36881f/tr069-manager-6817/test/tr069-manager_cwmp_plugin/test_cwmp_plugin.c
2026-01-27 10:27:35,085 - Knowledge - INFO - process ingested knowledge for /app/data/gemtektechnologycoltd2546/6817/b36881f/tr069-manager-6817/test/tr069-manager_dm_adapter_xmpp/test_adapter_xmpp.h
2026-01-27 10:27:35,163 - Knowledge - INFO - process ingested knowledge for /app/data/gemtektechnologycoltd2546/6817/b36881f/tr069-manager-6817/test/tr069-manager_cwmp_plugin_xmpp/test_xmpp.h
2026-01-27 10:27:35,246 - Knowledge - INFO - process ingested knowledge for /app/data/gemtektechnologycoltd2546/6817/b36881f/tr069-manager-6817/test/tr069-manager_dm_adapter/test_dm_adapter.c
2026-01-27 10:27:35,329 - Knowledge - INFO - Worker kw1 processing /app/data/gemtektechnologycoltd2546/6817/b36881f/tr069-manager-6817/src/dmdeviceadapter/amx/adapter/DM_AmxReset.h
2026-01-27 10:27:35,508 - Knowledge - INFO - Worker kw4 processing /app/data/gemtektechnologycoltd2546/6817/b36881f/tr069-manager-6817/src/dmdeviceadapter/amx/cwmp_plugin/scripts/tr069_2_vendor_logs_prepare.sh
2026-01-27 10:27:35,662 - Knowledge - INFO - [kw6] Queue=24, InProgress=0, PendingWorkers=20/20, Completed=64/132 (48.5%)
2026-01-27 10:27:35,696 - Knowledge - INFO - Worker kw5 processing /app/data/gemtektechnologycoltd2546/6817/b36881f/tr069-manager-6817/src/dmdeviceadapter/amx/cwmp_plugin/cwmp_plugin_transfer.c
2026-01-27 10:27:35,814 - Knowledge - INFO - process ingested knowledge for /app/data/gemtektechnologycoltd2546/6817/b36881f/tr069-manager-6817/test/tr069-manager_dm_adapter/acl_test.json
2026-01-27 10:27:35,896 - Knowledge - INFO - Worker kw3 processing /app/data/gemtektechnologycoltd2546/6817/b36881f/tr069-manager-6817/src/dmdeviceadapter/amx/cwmp_plugin/smm.c
2026-01-27 10:27:35,929 - Knowledge - INFO - [WEBSOCKET] Sent: Type=progress_update, Size: 271, Duration: 0ms
2026-01-27 10:27:36,056 - Knowledge - INFO - Worker kw2 processing /app/data/gemtektechnologycoltd2546/6817/b36881f/tr069-manager-6817/src/dmdeviceadapter/amx/adapter/DM_DeviceAdapter.h
2026-01-27 10:27:36,181 - Knowledge - INFO - process ingested knowledge for /app/data/gemtektechnologycoltd2546/6817/b36881f/tr069-manager-6817/test/tr069-manager_dm_adapter_gpv/test_gpv.c
2026-01-27 10:27:36,261 - Knowledge - INFO - process ingested knowledge for /app/data/gemtektechnologycoltd2546/6817/b36881f/tr069-manager-6817/test/tr069-manager_dm_adapter_gpn/test_gpn.c
2026-01-27 10:27:36,343 - Knowledge - INFO - process ingested knowledge for /app/data/gemtektechnologycoltd2546/6817/b36881f/tr069-manager-6817/test/tr069-manager_dm_adapter_gpv/test_gpv.h
2026-01-27 10:27:36,410 - Knowledge - INFO - process ingested knowledge for /app/data/gemtektechnologycoltd2546/6817/b36881f/tr069-manager-6817/test/tr069-manager_dm_adapter_xmpp/test_adapter_xmpp.c
2026-01-27 10:27:36,531 - Knowledge - INFO - process ingested knowledge for /app/data/gemtektechnologycoltd2546/6817/b36881f/tr069-manager-6817/test/tr069-manager_cwmp_plugin_xmpp/test_xmpp.c
2026-01-27 10:27:36,604 - Knowledge - INFO - process ingested knowledge for /app/data/gemtektechnologycoltd2546/6817/b36881f/tr069-manager-6817/test/tr069-manager_dm_adapter/test_dm_adapter_main.c
2026-01-27 10:27:36,693 - Knowledge - INFO - Worker kw1 processing /app/data/gemtektechnologycoltd2546/6817/b36881f/tr069-manager-6817/src/dmdeviceadapter/amx/cwmp_plugin/scripts/tr069_3_conf_apply.sh
2026-01-27 10:27:36,794 - Knowledge - INFO - Fast-tracked /app/data/gemtektechnologycoltd2546/6817/b36881f/tr069-manager-6817/src/dmdeviceadapter/amx/cwmp_plugin/scripts/tr069_2_vendor_logs_prepare.sh (ext=.sh, size=247)
2026-01-27 10:27:36,871 - Knowledge - INFO - Batch sizing: calculated=4, max_allowed=10, queue=24, active_workers=20/20
2026-01-27 10:27:36,946 - Knowledge - INFO - Worker kw5 processing /app/data/gemtektechnologycoltd2546/6817/b36881f/tr069-manager-6817/src/dmdeviceadapter/amx/cwmp_plugin/cwmp_plugin_xmpp.c
2026-01-27 10:27:37,030 - Knowledge - INFO - process ingested knowledge for /app/data/gemtektechnologycoltd2546/6817/b36881f/tr069-manager-6817/test/test_defines.mk
2026-01-27 10:27:37,146 - Knowledge - INFO - Worker kw3 processing /app/data/gemtektechnologycoltd2546/6817/b36881f/tr069-manager-6817/src/dmdeviceadapter/amx/cwmp_plugin/cwmp_plugin_common.c
2026-01-27 10:27:37,226 - Knowledge - INFO - [WEBSOCKET] Sent: Type=unknown, Size: ?, Duration: 1297ms
2026-01-27 10:27:37,310 - Knowledge - INFO - Async storage completed for 5 embeddings
2026-01-27 10:27:37,476 - Knowledge - INFO - process ingested knowledge for /app/data/gemtektechnologycoltd2546/6817/b36881f/tr069-manager-6817/test/tr069-manager_dm_adapter_gpv_all/test_get_parameter_values.h
2026-01-27 10:27:37,745 - Knowledge - INFO - process ingested knowledge for /app/data/gemtektechnologycoltd2546/6817/b36881f/tr069-manager-6817/test/tr069-manager_dm_adapter_xmpp/test_main.c
2026-01-27 10:27:37,953 - Knowledge - INFO - Fast-tracked /app/data/gemtektechnologycoltd2546/6817/b36881f/tr069-manager-6817/src/dmdeviceadapter/amx/cwmp_plugin/scripts/tr069_3_conf_apply.sh (ext=.sh, size=164)
2026-01-27 10:27:38,030 - Knowledge - INFO - Worker kw4 processing /app/data/gemtektechnologycoltd2546/6817/b36881f/tr069-manager-6817/src/dmdeviceadapter/amx/cwmp_plugin/scripts/tr069_1_fw_upgrade.sh
2026-01-27 10:27:38,208 - Knowledge - INFO - Worker kw5 processing /app/data/gemtektechnologycoltd2546/6817/b36881f/tr069-manager-6817/src/dmdeviceadapter/amx/cwmp_plugin/cwmp_plugin_service.c
2026-01-27 10:27:38,387 - Knowledge - INFO - Worker kw3 processing /app/data/gemtektechnologycoltd2546/6817/b36881f/tr069-manager-6817/src/dmdeviceadapter/amx/cwmp_plugin/cwmp_plugin_manageable_device.c
2026-01-27 10:27:38,476 - Knowledge - INFO - Progress: 48.5% | Files: 64/132 | Rate: 1.71 files/sec | Queue: 20
2026-01-27 10:27:38,480 - Knowledge - INFO - Async storing batch of 5 embeddings
2026-01-27 10:27:38,586 - Knowledge - INFO - process ingested knowledge for /app/data/gemtektechnologycoltd2546/6817/b36881f/tr069-manager-6817/test/run-tr069-manager_get_certificate_uri/test_cwmp_get_certificate_uri.h
2026-01-27 10:27:38,795 - Knowledge - INFO - [kw11] Queue=20, InProgress=0, PendingWorkers=20/20, Completed=64/132 (48.5%)
2026-01-27 10:27:38,797 - Knowledge - INFO - [kw10] Queue=20, InProgress=0, PendingWorkers=20/20, Completed=64/132 (48.5%)
2026-01-27 10:27:38,833 - Knowledge - INFO - Async storage completed for 5 embeddings
2026-01-27 10:27:38,934 - Knowledge - INFO - Fast-tracked /app/data/gemtektechnologycoltd2546/6817/b36881f/tr069-manager-6817/src/dmdeviceadapter/amx/cwmp_plugin/scripts/tr069_1_fw_upgrade.sh (ext=.sh, size=277)
2026-01-27 10:27:39,050 - Knowledge - INFO - Worker kw5 processing /app/data/gemtektechnologycoltd2546/6817/b36881f/tr069-manager-6817/src/dmdeviceadapter/amx/cwmp_plugin/cwmp_plugin.c
2026-01-27 10:27:39,362 - Knowledge - INFO - Worker kw3 processing /app/data/gemtektechnologycoltd2546/6817/b36881f/tr069-manager-6817/src/dmdeviceadapter/amx/cwmp_plugin/transfers.c
2026-01-27 10:27:39,534 - Knowledge - INFO - Worker kw6 processing /app/data/gemtektechnologycoltd2546/6817/b36881f/tr069-manager-6817/src/dmdeviceadapter/amx/cwmp_plugin/transfers_dm.c
2026-01-27 10:27:39,593 - Knowledge - INFO - [kw9] Queue=20, InProgress=0, PendingWorkers=20/20, Completed=64/132 (48.5%)
2026-01-27 10:27:39,652 - Knowledge - INFO - [kw13] Queue=20, InProgress=0, PendingWorkers=20/20, Completed=64/132 (48.5%)
2026-01-27 10:27:39,653 - Knowledge - INFO - process ingested knowledge for /app/data/gemtektechnologycoltd2546/6817/b36881f/tr069-manager-6817/test/run-tr069-manager_get_certificate_uri/test_main.c
2026-01-27 10:27:39,653 - Knowledge - INFO - [kw12] Queue=20, InProgress=0, PendingWorkers=20/20, Completed=64/132 (48.5%)
2026-01-27 10:27:39,731 - Knowledge - INFO - Batch sizing: calculated=4, max_allowed=10, queue=20, active_workers=20/20
2026-01-27 10:27:39,857 - Knowledge - INFO - Batch sizing: calculated=4, max_allowed=10, queue=20, active_workers=20/20
2026-01-27 10:27:40,039 - Knowledge - INFO - Worker kw4 processing /app/data/gemtektechnologycoltd2546/6817/b36881f/tr069-manager-6817/src/dmdeviceadapter/amx/cwmp_plugin/scripts/tr069_2_webcontent.sh
2026-01-27 10:27:40,121 - Knowledge - INFO - Async storage completed for 5 embeddings
2026-01-27 10:27:40,234 - Knowledge - INFO - Async storage completed for 5 embeddings
2026-01-27 10:27:40,288 - Knowledge - INFO - [kw7] Queue=20, InProgress=0, PendingWorkers=20/20, Completed=64/132 (48.5%)
2026-01-27 10:27:40,310 - Knowledge - INFO - Worker kw6 processing /app/data/gemtektechnologycoltd2546/6817/b36881f/tr069-manager-6817/src/dmdeviceadapter/amx/cwmp_plugin/cwmp_plugin_proc.c
2026-01-27 10:27:40,310 - Knowledge - INFO - [kw8] Queue=20, InProgress=0, PendingWorkers=20/20, Completed=64/132 (48.5%)
2026-01-27 10:27:40,395 - Knowledge - INFO - Batch sizing: calculated=4, max_allowed=10, queue=20, active_workers=20/20
2026-01-27 10:27:40,508 - Knowledge - INFO - Batch sizing: calculated=4, max_allowed=10, queue=20, active_workers=20/20
2026-01-27 10:27:40,706 - Knowledge - INFO - Batch sizing: calculated=4, max_allowed=10, queue=20, active_workers=20/20
2026-01-27 10:27:40,819 - Knowledge - INFO - Async storing batch of 4 embeddings
2026-01-27 10:27:40,922 - Knowledge - INFO - Async storing batch of 4 embeddings
2026-01-27 10:27:40,956 - Knowledge - INFO - Fast-tracked /app/data/gemtektechnologycoltd2546/6817/b36881f/tr069-manager-6817/src/dmdeviceadapter/amx/cwmp_plugin/scripts/tr069_2_webcontent.sh (ext=.sh, size=127)
2026-01-27 10:27:41,080 - Knowledge - INFO - [kw14] Queue=12, InProgress=0, PendingWorkers=20/20, Completed=64/132 (48.5%)
2026-01-27 10:27:41,294 - Knowledge - INFO - Batch sizing: calculated=4, max_allowed=10, queue=20, active_workers=20/20
2026-01-27 10:27:41,386 - Knowledge - INFO - Worker kw6 processing /app/data/gemtektechnologycoltd2546/6817/b36881f/tr069-manager-6817/src/dmdeviceadapter/amx/cwmp_plugin/transfers_firmware.c
2026-01-27 10:27:41,504 - Knowledge - INFO - Batch sizing: calculated=4, max_allowed=10, queue=20, active_workers=20/20
2026-01-27 10:27:41,701 - Knowledge - INFO - Async storing batch of 4 embeddings
2026-01-27 10:27:41,774 - Knowledge - INFO - Async storing batch of 4 embeddings
2026-01-27 10:27:41,857 - Knowledge - INFO - Async storing batch of 4 embeddings
2026-01-27 10:27:41,957 - Knowledge - INFO - Worker kw11 processing /app/data/gemtektechnologycoltd2546/6817/b36881f/tr069-manager-6817/src/dmdeviceadapter/amx/cwmp_plugin/cwmp_plugin_intf_queries.c
2026-01-27 10:27:42,058 - Knowledge - INFO - Worker kw10 processing /app/data/gemtektechnologycoltd2546/6817/b36881f/tr069-manager-6817/src/dmmain/cwmpd_timer.c
2026-01-27 10:27:42,142 - Knowledge - INFO - Async storage completed for 5 embeddings
2026-01-27 10:27:42,217 - Knowledge - INFO - Batch sizing: calculated=4, max_allowed=10, queue=12, active_workers=20/20
2026-01-27 10:27:42,467 - Knowledge - INFO - Worker kw6 processing /app/data/gemtektechnologycoltd2546/6817/b36881f/tr069-manager-6817/src/dmdeviceadapter/amx/cwmp_plugin/cwmp_plugin_connection_request.c
2026-01-27 10:27:42,674 - Knowledge - INFO - Worker kw9 processing /app/data/gemtektechnologycoltd2546/6817/b36881f/tr069-manager-6817/src/dmmain/cwmpd_client.c
2026-01-27 10:27:42,773 - Knowledge - INFO - Worker kw13 processing /app/data/gemtektechnologycoltd2546/6817/b36881f/tr069-manager-6817/include_priv/transfers.h
2026-01-27 10:27:42,885 - Knowledge - INFO - Worker kw12 processing /app/data/gemtektechnologycoltd2546/6817/b36881f/tr069-manager-6817/makefile.inc
2026-01-27 10:27:43,038 - Knowledge - INFO - Worker kw11 processing /app/data/gemtektechnologycoltd2546/6817/b36881f/tr069-manager-6817/src/dmdeviceadapter/amx/cwmp_plugin/transfers_timewindow.c
2026-01-27 10:27:43,158 - Knowledge - INFO - Worker kw10 processing /app/data/gemtektechnologycoltd2546/6817/b36881f/tr069-manager-6817/src/dmmain/cwmpd_get_certificate_uri.c
2026-01-27 10:27:43,281 - Knowledge - INFO - Processing batch of 4 files
2026-01-27 10:27:43,386 - Knowledge - INFO - [WEBSOCKET] Sent: Type=progress_update, Size: 271, Duration: 0ms
2026-01-27 10:27:43,466 - Knowledge - INFO - Async storage completed for 5 embeddings
2026-01-27 10:27:43,592 - Knowledge - INFO - Worker kw9 processing /app/data/gemtektechnologycoltd2546/6817/b36881f/tr069-manager-6817/src/dmmain/cwmpd_cookie.c
2026-01-27 10:27:43,683 - Knowledge - INFO - Worker kw13 processing /app/data/gemtektechnologycoltd2546/6817/b36881f/tr069-manager-6817/include_priv/cwmpd_get_certificate_uri.h
2026-01-27 10:27:43,760 - Knowledge - INFO - Fast-tracked /app/data/gemtektechnologycoltd2546/6817/b36881f/tr069-manager-6817/makefile.inc (ext=.inc, size=1539)
2026-01-27 10:27:43,845 - Knowledge - INFO - Worker kw11 processing /app/data/gemtektechnologycoltd2546/6817/b36881f/tr069-manager-6817/src/dmmain/cwmpd_dns.c
2026-01-27 10:27:44,003 - Knowledge - INFO - Worker kw10 processing /app/data/gemtektechnologycoltd2546/6817/b36881f/tr069-manager-6817/src/dmmain/cwmpd_server.c
2026-01-27 10:27:44,081 - Knowledge - INFO - process ingested knowledge for /app/data/gemtektechnologycoltd2546/6817/b36881f/tr069-manager-6817/src/dmdeviceadapter/amx/cwmp_plugin/scripts/tr069_1_vendor_conf_prepare.sh
2026-01-27 10:27:44,213 - Knowledge - INFO - [WEBSOCKET] Sent: Type=unknown, Size: ?, Duration: 827ms
2026-01-27 10:27:44,439 - Knowledge - INFO - Worker kw9 processing /app/data/gemtektechnologycoltd2546/6817/b36881f/tr069-manager-6817/src/dmmain/cwmpd_connectionsecurity.c
2026-01-27 10:27:44,592 - Knowledge - INFO - Fast-tracked /app/data/gemtektechnologycoltd2546/6817/b36881f/tr069-manager-6817/include_priv/cwmpd_get_certificate_uri.h (ext=.h, size=573)
2026-01-27 10:27:44,675 - Knowledge - INFO - Worker kw12 processing /app/data/gemtektechnologycoltd2546/6817/b36881f/tr069-manager-6817/baf.yml
2026-01-27 10:27:44,800 - Knowledge - INFO - Worker kw11 processing /app/data/gemtektechnologycoltd2546/6817/b36881f/tr069-manager-6817/src/dmmain/cwmpd_main.c
2026-01-27 10:27:44,907 - Knowledge - INFO - Worker kw10 processing /app/data/gemtektechnologycoltd2546/6817/b36881f/tr069-manager-6817/src/dmmain/cwmpd_evlp.c
2026-01-27 10:27:45,010 - Knowledge - INFO - process ingested knowledge for /app/data/gemtektechnologycoltd2546/6817/b36881f/tr069-manager-6817/src/dmdeviceadapter/amx/cwmp_plugin/scripts/tr069_2_vendor_logs_prepare.sh
2026-01-27 10:27:45,120 - Knowledge - INFO - Progress: 51.5% | Files: 68/132 | Rate: 1.51 files/sec | Queue: 0
2026-01-27 10:27:45,239 - Knowledge - INFO - Worker kw9 processing /app/data/gemtektechnologycoltd2546/6817/b36881f/tr069-manager-6817/include_priv/dmmain/cwmpd.h
2026-01-27 10:27:45,368 - Knowledge - INFO - Worker kw13 processing /app/data/gemtektechnologycoltd2546/6817/b36881f/tr069-manager-6817/include_priv/smm.h
2026-01-27 10:27:45,464 - Knowledge - INFO - Fast-tracked /app/data/gemtektechnologycoltd2546/6817/b36881f/tr069-manager-6817/baf.yml (ext=.yml, size=5333)
2026-01-27 10:27:45,621 - Knowledge - INFO - Async storage completed for 4 embeddings
2026-01-27 10:27:45,724 - Knowledge - INFO - Async storage completed for 4 embeddings
2026-01-27 10:27:45,802 - Knowledge - INFO - process ingested knowledge for /app/data/gemtektechnologycoltd2546/6817/b36881f/tr069-manager-6817/src/dmdeviceadapter/amx/cwmp_plugin/scripts/tr069_1_fw_upgrade.sh
2026-01-27 10:27:46,126 - Knowledge - INFO - Async storage completed for 4 embeddings
2026-01-27 10:27:46,296 - Knowledge - INFO - Worker kw13 processing /app/data/gemtektechnologycoltd2546/6817/b36881f/tr069-manager-6817/include_priv/cwmp_plugin.h
2026-01-27 10:27:46,339 - Knowledge - INFO - Worker kw12 processing /app/data/gemtektechnologycoltd2546/6817/b36881f/tr069-manager-6817/README.md
2026-01-27 10:27:46,632 - Knowledge - INFO - process ingested knowledge for /app/data/gemtektechnologycoltd2546/6817/b36881f/tr069-manager-6817/src/dmdeviceadapter/amx/cwmp_plugin/scripts/tr069_2_webcontent.sh
2026-01-27 10:27:46,931 - Knowledge - INFO - Async storage completed for 4 embeddings
2026-01-27 10:27:47,018 - Knowledge - INFO - Fast-tracked /app/data/gemtektechnologycoltd2546/6817/b36881f/tr069-manager-6817/README.md (ext=.md, size=2521)
2026-01-27 10:27:47,364 - Knowledge - INFO - Worker kw12 processing /app/data/gemtektechnologycoltd2546/6817/b36881f/tr069-manager-6817/CHANGELOG.md
2026-01-27 10:27:47,608 - Knowledge - INFO - Fast-tracked /app/data/gemtektechnologycoltd2546/6817/b36881f/tr069-manager-6817/CHANGELOG.md (ext=.md, size=23814)
2026-01-27 10:27:47,829 - Knowledge - INFO - Async storage completed for 4 embeddings
2026-01-27 10:27:48,030 - Knowledge - INFO - Processing batch of 4 files
2026-01-27 10:27:48,207 - Knowledge - INFO - process ingested knowledge for /app/data/gemtektechnologycoltd2546/6817/b36881f/tr069-manager-6817/makefile.inc
2026-01-27 10:27:48,348 - Knowledge - INFO - [WEBSOCKET] Sent: Type=progress_update, Size: 271, Duration: 0ms
2026-01-27 10:27:48,450 - Knowledge - INFO - process ingested knowledge for /app/data/gemtektechnologycoltd2546/6817/b36881f/tr069-manager-6817/baf.yml
2026-01-27 10:27:48,549 - Knowledge - INFO - [WEBSOCKET] Sent: Type=unknown, Size: ?, Duration: 201ms
2026-01-27 10:27:48,660 - Knowledge - INFO - process ingested knowledge for /app/data/gemtektechnologycoltd2546/6817/b36881f/tr069-manager-6817/README.md
2026-01-27 10:27:48,806 - Knowledge - INFO - Progress: 54.5% | Files: 72/132 | Rate: 1.44 files/sec | Queue: 0
2026-01-27 10:27:49,045 - Knowledge - INFO - process ingested knowledge for /app/data/gemtektechnologycoltd2546/6817/b36881f/tr069-manager-6817/CHANGELOG.md
2026-01-27 10:27:51,551 - Knowledge - INFO - [LLM_CALL] Completed: DM_AmxParameterValues.c:chunk1, Duration: 17091ms, PromptTokens: 11596, CompletionTokens: 1327, Cost: $0.00169
2026-01-27 10:27:51,702 - Knowledge - INFO - done ingest for /app/data/gemtektechnologycoltd2546/6817/b36881f/tr069-manager-6817/src/dmdeviceadapter/amx/adapter/DM_AmxParameterValues.c
2026-01-27 10:27:53,436 - Knowledge - INFO - [LLM_CALL] Completed: DM_AmxChangeDUState.h:chunk1, Duration: 14959ms, PromptTokens: 2232, CompletionTokens: 381, Cost: $0.00038
2026-01-27 10:27:53,637 - Knowledge - INFO - done ingest for /app/data/gemtektechnologycoltd2546/6817/b36881f/tr069-manager-6817/src/dmdeviceadapter/amx/adapter/DM_AmxChangeDUState.h
2026-01-27 10:27:54,139 - Knowledge - INFO - [LLM_CALL] Completed: DM_AmxAddDelete.h:chunk1, Duration: 23367ms, PromptTokens: 3366, CompletionTokens: 271, Cost: $0.00044
2026-01-27 10:27:54,314 - Knowledge - INFO - done ingest for /app/data/gemtektechnologycoltd2546/6817/b36881f/tr069-manager-6817/src/dmdeviceadapter/amx/adapter/DM_AmxAddDelete.h
2026-01-27 10:28:02,443 - Knowledge - INFO - Fast-tracked /app/data/gemtektechnologycoltd2546/6817/b36881f/tr069-manager-6817/src/dmmain/cwmpd_get_certificate_uri.c (small file (2096 bytes))
2026-01-27 10:28:08,163 - Knowledge - INFO - [LLM_CALL] Completed: DM_AmxUpDownload.c:chunk1, Duration: 33051ms, PromptTokens: 16004, CompletionTokens: 1227, Cost: $0.00209
2026-01-27 10:28:08,347 - Knowledge - INFO - done ingest for /app/data/gemtektechnologycoltd2546/6817/b36881f/tr069-manager-6817/src/dmdeviceadapter/amx/adapter/DM_AmxUpDownload.c
2026-01-27 10:28:23,462 - Knowledge - INFO - [LLM_CALL] Completed: DM_AmxReset.h:chunk1, Duration: 24975ms, PromptTokens: 3284, CompletionTokens: 260, Cost: $0.00043
2026-01-27 10:28:23,707 - Knowledge - INFO - done ingest for /app/data/gemtektechnologycoltd2546/6817/b36881f/tr069-manager-6817/src/dmdeviceadapter/amx/adapter/DM_AmxReset.h
2026-01-27 10:28:27,108 - Knowledge - INFO - [LLM_CALL] Completed: DM_AmxScheduleDownload.c:chunk1, Duration: 48623ms, PromptTokens: 6068, CompletionTokens: 1032, Cost: $0.00102
2026-01-27 10:28:27,398 - Knowledge - INFO - done ingest for /app/data/gemtektechnologycoltd2546/6817/b36881f/tr069-manager-6817/src/dmdeviceadapter/amx/adapter/DM_AmxScheduleDownload.c
2026-01-27 10:28:32,771 - Knowledge - INFO - [LLM_CALL] Completed: DM_AmxUpDownload.h:chunk1, Duration: 34945ms, PromptTokens: 3552, CompletionTokens: 389, Cost: $0.00051
2026-01-27 10:28:33,142 - Knowledge - INFO - done ingest for /app/data/gemtektechnologycoltd2546/6817/b36881f/tr069-manager-6817/src/dmdeviceadapter/amx/adapter/DM_AmxUpDownload.h
2026-01-27 10:28:33,287 - Knowledge - INFO - [LLM_CALL] Completed: DM_AmxSystemConnection.h:chunk1, Duration: 35699ms, PromptTokens: 2364, CompletionTokens: 476, Cost: $0.00043
2026-01-27 10:28:33,899 - Knowledge - INFO - done ingest for /app/data/gemtektechnologycoltd2546/6817/b36881f/tr069-manager-6817/src/dmdeviceadapter/amx/adapter/DM_AmxSystemConnection.h
2026-01-27 10:28:35,551 - Knowledge - INFO - [LLM_CALL] Completed: DM_AmxParameterNames.h:chunk1, Duration: 57014ms, PromptTokens: 3380, CompletionTokens: 290, Cost: $0.00045
2026-01-27 10:28:35,937 - Knowledge - INFO - done ingest for /app/data/gemtektechnologycoltd2546/6817/b36881f/tr069-manager-6817/src/dmdeviceadapter/amx/adapter/DM_AmxParameterNames.h
2026-01-27 10:28:39,053 - Knowledge - INFO - [LLM_CALL] Completed: DM_AmxReset.c:chunk1, Duration: 61827ms, PromptTokens: 3196, CompletionTokens: 357, Cost: $0.00046
2026-01-27 10:28:39,598 - Knowledge - INFO - done ingest for /app/data/gemtektechnologycoltd2546/6817/b36881f/tr069-manager-6817/src/dmdeviceadapter/amx/adapter/DM_AmxReset.c
2026-01-27 10:28:40,964 - Knowledge - INFO - [LLM_CALL] Completed: DM_AmxScheduleDownload.h:chunk1, Duration: 66503ms, PromptTokens: 2304, CompletionTokens: 376, Cost: $0.00038
2026-01-27 10:28:41,244 - Knowledge - INFO - done ingest for /app/data/gemtektechnologycoltd2546/6817/b36881f/tr069-manager-6817/src/dmdeviceadapter/amx/adapter/DM_AmxScheduleDownload.h
2026-01-27 10:28:41,869 - Knowledge - INFO - [LLM_CALL] Completed: DM_AmxRPCInterface.h:chunk1, Duration: 68768ms, PromptTokens: 2158, CompletionTokens: 298, Cost: $0.00034
2026-01-27 10:28:42,248 - Knowledge - INFO - done ingest for /app/data/gemtektechnologycoltd2546/6817/b36881f/tr069-manager-6817/src/dmdeviceadapter/amx/adapter/DM_AmxRPCInterface.h
2026-01-27 10:28:43,607 - Knowledge - INFO - [LLM_CALL] Completed: DM_AmxParameter.h:chunk1, Duration: 33602ms, PromptTokens: 3788, CompletionTokens: 351, Cost: $0.00052
2026-01-27 10:28:44,001 - Knowledge - INFO - done ingest for /app/data/gemtektechnologycoltd2546/6817/b36881f/tr069-manager-6817/src/dmdeviceadapter/amx/adapter/DM_AmxParameter.h
2026-01-27 10:28:48,073 - Knowledge - INFO - [LLM_CALL] Completed: DM_AmxParameterValues.h:chunk1, Duration: 52761ms, PromptTokens: 3504, CompletionTokens: 359, Cost: $0.00049
2026-01-27 10:28:48,424 - Knowledge - INFO - done ingest for /app/data/gemtektechnologycoltd2546/6817/b36881f/tr069-manager-6817/src/dmdeviceadapter/amx/adapter/DM_AmxParameterValues.h
2026-01-27 10:28:55,361 - Knowledge - INFO - [LLM_CALL] Completed: smm.h:chunk1, Duration: 53257ms, PromptTokens: 2314, CompletionTokens: 400, Cost: $0.00039
2026-01-27 10:28:55,833 - Knowledge - INFO - done ingest for /app/data/gemtektechnologycoltd2546/6817/b36881f/tr069-manager-6817/include_priv/smm.h
2026-01-27 10:29:08,770 - Knowledge - INFO - [LLM_CALL] Completed: DM_AmxSystemConnection.c:chunk1, Duration: 94310ms, PromptTokens: 18348, CompletionTokens: 967, Cost: $0.00222
2026-01-27 10:29:09,366 - Knowledge - INFO - done ingest for /app/data/gemtektechnologycoltd2546/6817/b36881f/tr069-manager-6817/src/dmdeviceadapter/amx/adapter/DM_AmxSystemConnection.c
2026-01-27 10:29:09,373 - Knowledge - INFO - [LLM_CALL] Completed: cwmp_plugin_proc.c:chunk1, Duration: 69517ms, PromptTokens: 2778, CompletionTokens: 329, Cost: $0.00041
2026-01-27 10:29:10,156 - Knowledge - INFO - done ingest for /app/data/gemtektechnologycoltd2546/6817/b36881f/tr069-manager-6817/src/dmdeviceadapter/amx/cwmp_plugin/cwmp_plugin_proc.c
2026-01-27 10:29:12,079 - Knowledge - INFO - [LLM_CALL] Completed: DM_AmxParameterNames_prpl.c:chunk1, Duration: 86519ms, PromptTokens: 10184, CompletionTokens: 1042, Cost: $0.00144
2026-01-27 10:29:12,615 - Knowledge - INFO - done ingest for /app/data/gemtektechnologycoltd2546/6817/b36881f/tr069-manager-6817/src/dmdeviceadapter/amx/adapter/DM_AmxParameterNames_prpl.c
2026-01-27 10:29:12,946 - Knowledge - INFO - [LLM_CALL] Completed: cwmpd_evlp.c:chunk1, Duration: 57295ms, PromptTokens: 3620, CompletionTokens: 446, Cost: $0.00054
2026-01-27 10:29:13,763 - Knowledge - INFO - done ingest for /app/data/gemtektechnologycoltd2546/6817/b36881f/tr069-manager-6817/src/dmmain/cwmpd_evlp.c
2026-01-27 10:29:13,781 - Knowledge - INFO - [LLM_CALL] Completed: DM_AmxChangeDUState.c:chunk1, Duration: 93825ms, PromptTokens: 5938, CompletionTokens: 1124, Cost: $0.00104
2026-01-27 10:29:14,545 - Knowledge - INFO - done ingest for /app/data/gemtektechnologycoltd2546/6817/b36881f/tr069-manager-6817/src/dmdeviceadapter/amx/adapter/DM_AmxChangeDUState.c
2026-01-27 10:29:18,543 - Knowledge - INFO - Processing batch of 4 files
2026-01-27 10:29:19,075 - Knowledge - INFO - process ingested knowledge for /app/data/gemtektechnologycoltd2546/6817/b36881f/tr069-manager-6817/src/dmdeviceadapter/amx/adapter/DM_AmxScheduleDownload.h
2026-01-27 10:29:21,308 - Knowledge - INFO - process ingested knowledge for /app/data/gemtektechnologycoltd2546/6817/b36881f/tr069-manager-6817/src/dmdeviceadapter/amx/adapter/DM_AmxParameterNames.h
2026-01-27 10:29:22,491 - Knowledge - INFO - process ingested knowledge for /app/data/gemtektechnologycoltd2546/6817/b36881f/tr069-manager-6817/src/dmdeviceadapter/amx/adapter/DM_AmxParameterNames_prpl.c
2026-01-27 10:29:23,133 - Knowledge - INFO - process ingested knowledge for /app/data/gemtektechnologycoltd2546/6817/b36881f/tr069-manager-6817/src/dmdeviceadapter/amx/adapter/DM_AmxUpDownload.h
2026-01-27 10:29:28,234 - Knowledge - INFO - [LLM_CALL] Completed: DM_AmxAddDelete.c:chunk1, Duration: 102599ms, PromptTokens: 5976, CompletionTokens: 588, Cost: $0.00083
2026-01-27 10:29:28,614 - Knowledge - INFO - done ingest for /app/data/gemtektechnologycoltd2546/6817/b36881f/tr069-manager-6817/src/dmdeviceadapter/amx/adapter/DM_AmxAddDelete.c
2026-01-27 10:29:36,167 - Knowledge - INFO - [WEBSOCKET] Sent: Type=progress_update, Size: 290, Duration: 0ms
2026-01-27 10:29:36,520 - Knowledge - INFO - [WEBSOCKET] Sent: Type=unknown, Size: ?, Duration: 353ms
2026-01-27 10:29:36,873 - Knowledge - INFO - Progress: 57.6% | Files: 76/132 | Rate: 0.49 files/sec | Queue: 0
2026-01-27 10:29:38,504 - Knowledge - INFO - [LLM_CALL] Completed: DM_AmxACSConnection.h:chunk1, Duration: 97711ms, PromptTokens: 2530, CompletionTokens: 648, Cost: $0.00051
2026-01-27 10:29:38,911 - Knowledge - INFO - done ingest for /app/data/gemtektechnologycoltd2546/6817/b36881f/tr069-manager-6817/src/dmdeviceadapter/amx/adapter/DM_AmxACSConnection.h
2026-01-27 10:29:39,480 - Knowledge - INFO - [LLM_CALL] Completed: cwmp_plugin_common.c:chunk1, Duration: 107417ms, PromptTokens: 3690, CompletionTokens: 436, Cost: $0.00054
2026-01-27 10:29:40,180 - Knowledge - INFO - done ingest for /app/data/gemtektechnologycoltd2546/6817/b36881f/tr069-manager-6817/src/dmdeviceadapter/amx/cwmp_plugin/cwmp_plugin_common.c
2026-01-27 10:29:43,510 - Knowledge - INFO - [LLM_CALL] Completed: transfers_firmware.c:chunk1, Duration: 91886ms, PromptTokens: 4470, CompletionTokens: 618, Cost: $0.00069
2026-01-27 10:29:45,209 - Knowledge - INFO - done ingest for /app/data/gemtektechnologycoltd2546/6817/b36881f/tr069-manager-6817/src/dmdeviceadapter/amx/cwmp_plugin/transfers_firmware.c
2026-01-27 10:29:45,242 - Knowledge - INFO - [LLM_CALL] Completed: DM_AmxCommon.h:chunk1, Duration: 128017ms, PromptTokens: 5222, CompletionTokens: 824, Cost: $0.00085
2026-01-27 10:29:45,897 - Knowledge - INFO - done ingest for /app/data/gemtektechnologycoltd2546/6817/b36881f/tr069-manager-6817/src/dmdeviceadapter/amx/adapter/DM_AmxCommon.h
2026-01-27 10:29:45,971 - Knowledge - INFO - [LLM_CALL] Completed: cwmpd_connectionsecurity.c:chunk1, Duration: 93336ms, PromptTokens: 4156, CompletionTokens: 482, Cost: $0.00061
2026-01-27 10:29:46,583 - Knowledge - INFO - done ingest for /app/data/gemtektechnologycoltd2546/6817/b36881f/tr069-manager-6817/src/dmmain/cwmpd_connectionsecurity.c
2026-01-27 10:29:49,135 - Knowledge - INFO - [LLM_CALL] Completed: DM_AmxRPCInterface.c:chunk1, Duration: 130558ms, PromptTokens: 2962, CompletionTokens: 451, Cost: $0.00048
2026-01-27 10:29:49,446 - Knowledge - INFO - done ingest for /app/data/gemtektechnologycoltd2546/6817/b36881f/tr069-manager-6817/src/dmdeviceadapter/amx/adapter/DM_AmxRPCInterface.c
2026-01-27 10:29:49,516 - Knowledge - INFO - [LLM_CALL] Completed: cwmpd_server.c:chunk1, Duration: 106708ms, PromptTokens: 9924, CompletionTokens: 960, Cost: $0.00138
2026-01-27 10:29:50,374 - Knowledge - INFO - done ingest for /app/data/gemtektechnologycoltd2546/6817/b36881f/tr069-manager-6817/src/dmmain/cwmpd_server.c
2026-01-27 10:29:58,364 - Knowledge - INFO - [LLM_CALL] Completed: cwmpd_timer.c:chunk1, Duration: 131811ms, PromptTokens: 4616, CompletionTokens: 631, Cost: $0.00071
2026-01-27 10:29:58,897 - Knowledge - INFO - done ingest for /app/data/gemtektechnologycoltd2546/6817/b36881f/tr069-manager-6817/src/dmmain/cwmpd_timer.c
2026-01-27 10:30:03,339 - Knowledge - INFO - Processing batch of 4 files
2026-01-27 10:30:03,906 - Knowledge - INFO - process ingested knowledge for /app/data/gemtektechnologycoltd2546/6817/b36881f/tr069-manager-6817/src/dmmain/cwmpd_timer.c
2026-01-27 10:30:04,845 - Knowledge - INFO - process ingested knowledge for /app/data/gemtektechnologycoltd2546/6817/b36881f/tr069-manager-6817/src/dmmain/cwmpd_get_certificate_uri.c
2026-01-27 10:30:05,511 - Knowledge - INFO - process ingested knowledge for /app/data/gemtektechnologycoltd2546/6817/b36881f/tr069-manager-6817/src/dmmain/cwmpd_server.c
2026-01-27 10:30:06,110 - Knowledge - INFO - [LLM_CALL] Completed: DM_AmxCommon.c:chunk1, Duration: 155046ms, PromptTokens: 19498, CompletionTokens: 8000, Cost: $0.00515
2026-01-27 10:30:06,336 - Knowledge - WARNING - Timeout processing /app/data/gemtektechnologycoltd2546/6817/b36881f/tr069-manager-6817/src/dmdeviceadapter/amx/adapter/DM_AmxACSConnection.c after 90s - using fallback metadata
2026-01-27 10:30:06,637 - Knowledge - ERROR - Failed to parse LLM response as JSON for /app/data/gemtektechnologycoltd2546/6817/b36881f/tr069-manager-6817/src/dmdeviceadapter/amx/adapter/DM_AmxCommon.c, chunk 1
2026-01-27 10:30:06,671 - Knowledge - INFO - process ingested knowledge for /app/data/gemtektechnologycoltd2546/6817/b36881f/tr069-manager-6817/src/dmmain/cwmpd_evlp.c
2026-01-27 10:30:07,192 - Knowledge - INFO - done ingest for /app/data/gemtektechnologycoltd2546/6817/b36881f/tr069-manager-6817/src/dmdeviceadapter/amx/adapter/DM_AmxCommon.c
2026-01-27 10:30:08,139 - Knowledge - WARNING - Timeout processing /app/data/gemtektechnologycoltd2546/6817/b36881f/tr069-manager-6817/src/dmdeviceadapter/amx/adapter/DM_AmxParameterValues_prpl.c after 90s - using fallback metadata
2026-01-27 10:30:09,431 - Knowledge - INFO - [LLM_CALL] Completed: DM_DeviceAdapter.h:chunk1, Duration: 114007ms, PromptTokens: 4052, CompletionTokens: 685, Cost: $0.00068
2026-01-27 10:30:09,888 - Knowledge - INFO - done ingest for /app/data/gemtektechnologycoltd2546/6817/b36881f/tr069-manager-6817/src/dmdeviceadapter/amx/adapter/DM_DeviceAdapter.h
2026-01-27 10:30:12,211 - Knowledge - INFO - Processing batch of 4 files
2026-01-27 10:30:12,756 - Knowledge - INFO - process ingested knowledge for /app/data/gemtektechnologycoltd2546/6817/b36881f/tr069-manager-6817/src/dmdeviceadapter/amx/adapter/DM_AmxRPCInterface.h
2026-01-27 10:30:13,569 - Knowledge - INFO - Processing batch of 4 files
2026-01-27 10:30:13,968 - Knowledge - INFO - [LLM_CALL] Completed: DM_AmxParameterNames.c:chunk1, Duration: 162693ms, PromptTokens: 11288, CompletionTokens: 1566, Cost: $0.00176
2026-01-27 10:30:13,979 - Knowledge - INFO - process ingested knowledge for /app/data/gemtektechnologycoltd2546/6817/b36881f/tr069-manager-6817/test/run-tr069-manager_get_certificate_uri/test_cwmp_get_certificate_uri.c
2026-01-27 10:30:14,301 - Knowledge - INFO - done ingest for /app/data/gemtektechnologycoltd2546/6817/b36881f/tr069-manager-6817/src/dmdeviceadapter/amx/adapter/DM_AmxParameterNames.c
2026-01-27 10:30:14,985 - Knowledge - INFO - process ingested knowledge for /app/data/gemtektechnologycoltd2546/6817/b36881f/tr069-manager-6817/test/test_targets.mk
2026-01-27 10:30:15,032 - Knowledge - INFO - [LLM_CALL] Completed: cwmpd_cookie.c:chunk1, Duration: 135310ms, PromptTokens: 3962, CompletionTokens: 699, Cost: $0.00068
2026-01-27 10:30:15,140 - Knowledge - INFO - process ingested knowledge for /app/data/gemtektechnologycoltd2546/6817/b36881f/tr069-manager-6817/src/dmdeviceadapter/amx/adapter/DM_AmxReset.c
2026-01-27 10:30:15,521 - Knowledge - INFO - done ingest for /app/data/gemtektechnologycoltd2546/6817/b36881f/tr069-manager-6817/src/dmmain/cwmpd_cookie.c
2026-01-27 10:30:15,537 - Knowledge - INFO - Processing batch of 4 files
2026-01-27 10:30:15,545 - Knowledge - INFO - process ingested knowledge for /app/data/gemtektechnologycoltd2546/6817/b36881f/tr069-manager-6817/src/dmdeviceadapter/amx/adapter/DM_AmxCommon.c
2026-01-27 10:30:15,567 - Knowledge - INFO - [WEBSOCKET] Sent: Type=progress_update, Size: 290, Duration: 0ms
2026-01-27 10:30:15,869 - Knowledge - INFO - process ingested knowledge for /app/data/gemtektechnologycoltd2546/6817/b36881f/tr069-manager-6817/src/dmdeviceadapter/amx/adapter/DM_AmxACSConnection.c
2026-01-27 10:30:16,089 - Knowledge - INFO - process ingested knowledge for /app/data/gemtektechnologycoltd2546/6817/b36881f/tr069-manager-6817/src/dmdeviceadapter/amx/adapter/DM_AmxCommon.h
2026-01-27 10:30:16,139 - Knowledge - WARNING - Timeout processing /app/data/gemtektechnologycoltd2546/6817/b36881f/tr069-manager-6817/src/dmdeviceadapter/amx/adapter/DM_AmxParameter.c after 90s - using fallback metadata
2026-01-27 10:30:16,590 - Knowledge - INFO - process ingested knowledge for /app/data/gemtektechnologycoltd2546/6817/b36881f/tr069-manager-6817/src/dmdeviceadapter/amx/adapter/DM_AmxParameterValues.c
2026-01-27 10:30:16,601 - Knowledge - INFO - [WEBSOCKET] Sent: Type=unknown, Size: ?, Duration: 1035ms
2026-01-27 10:30:17,066 - Knowledge - INFO - process ingested knowledge for /app/data/gemtektechnologycoltd2546/6817/b36881f/tr069-manager-6817/src/dmdeviceadapter/amx/adapter/DM_AmxSystemConnection.h
2026-01-27 10:30:17,133 - Knowledge - INFO - process ingested knowledge for /app/data/gemtektechnologycoltd2546/6817/b36881f/tr069-manager-6817/src/dmdeviceadapter/amx/adapter/DM_AmxParameterValues_prpl.c
2026-01-27 10:30:17,319 - Knowledge - INFO - Progress: 72.7% | Files: 96/132 | Rate: 0.49 files/sec | Queue: 0
2026-01-27 10:30:17,419 - Knowledge - INFO - Processing batch of 4 files
2026-01-27 10:30:17,607 - Knowledge - INFO - [LLM_CALL] Completed: cwmp_plugin.h:chunk1, Duration: 121425ms, PromptTokens: 4134, CompletionTokens: 1385, Cost: $0.00097
2026-01-27 10:30:18,129 - Knowledge - INFO - process ingested knowledge for /app/data/gemtektechnologycoltd2546/6817/b36881f/tr069-manager-6817/src/dmdeviceadapter/amx/adapter/DM_AmxRPCInterface.c
2026-01-27 10:30:18,323 - Knowledge - INFO - process ingested knowledge for /app/data/gemtektechnologycoltd2546/6817/b36881f/tr069-manager-6817/src/dmdeviceadapter/amx/adapter/DM_AmxParameterValues.h
2026-01-27 10:30:18,379 - Knowledge - INFO - done ingest for /app/data/gemtektechnologycoltd2546/6817/b36881f/tr069-manager-6817/include_priv/cwmp_plugin.h
2026-01-27 10:30:18,896 - Knowledge - INFO - [LLM_CALL] Completed: cwmp_plugin_xmpp.c:chunk1, Duration: 145769ms, PromptTokens: 5402, CompletionTokens: 781, Cost: $0.00085
2026-01-27 10:30:19,439 - Knowledge - INFO - done ingest for /app/data/gemtektechnologycoltd2546/6817/b36881f/tr069-manager-6817/src/dmdeviceadapter/amx/cwmp_plugin/cwmp_plugin_xmpp.c
2026-01-27 10:30:19,460 - Knowledge - INFO - [LLM_CALL] Completed: cwmp_plugin_connection_request.c:chunk1, Duration: 116803ms, PromptTokens: 9706, CompletionTokens: 1376, Cost: $0.00152
2026-01-27 10:30:19,745 - Knowledge - INFO - process ingested knowledge for /app/data/gemtektechnologycoltd2546/6817/b36881f/tr069-manager-6817/src/dmdeviceadapter/amx/adapter/DM_AmxAddDelete.c
2026-01-27 10:30:19,905 - Knowledge - INFO - process ingested knowledge for /app/data/gemtektechnologycoltd2546/6817/b36881f/tr069-manager-6817/src/dmdeviceadapter/amx/adapter/DM_AmxParameter.h
2026-01-27 10:30:19,978 - Knowledge - INFO - done ingest for /app/data/gemtektechnologycoltd2546/6817/b36881f/tr069-manager-6817/src/dmdeviceadapter/amx/cwmp_plugin/cwmp_plugin_connection_request.c
2026-01-27 10:30:22,397 - Knowledge - INFO - [LLM_CALL] Completed: transfers.h:chunk1, Duration: 155047ms, PromptTokens: 3824, CompletionTokens: 1366, Cost: $0.00093
2026-01-27 10:30:22,768 - Knowledge - INFO - done ingest for /app/data/gemtektechnologycoltd2546/6817/b36881f/tr069-manager-6817/include_priv/transfers.h
2026-01-27 10:30:22,977 - Knowledge - WARNING - Timeout processing /app/data/gemtektechnologycoltd2546/6817/b36881f/tr069-manager-6817/src/dmdeviceadapter/amx/adapter/DM_DeviceAdapter_prpl.c after 90s - using fallback metadata
2026-01-27 10:30:23,485 - Knowledge - INFO - process ingested knowledge for /app/data/gemtektechnologycoltd2546/6817/b36881f/tr069-manager-6817/src/dmdeviceadapter/amx/adapter/DM_AmxACSConnection.h
2026-01-27 10:30:23,731 - Knowledge - INFO - Processing batch of 4 files
2026-01-27 10:30:24,069 - Knowledge - INFO - process ingested knowledge for /app/data/gemtektechnologycoltd2546/6817/b36881f/tr069-manager-6817/src/dmdeviceadapter/amx/adapter/DM_AmxAddDelete.h
2026-01-27 10:30:25,096 - Knowledge - INFO - process ingested knowledge for /app/data/gemtektechnologycoltd2546/6817/b36881f/tr069-manager-6817/src/dmdeviceadapter/amx/adapter/DM_DeviceAdapter.h
2026-01-27 10:30:25,643 - Knowledge - INFO - [LLM_CALL] Completed: cwmp_plugin_intf_queries.c:chunk1, Duration: 159189ms, PromptTokens: 5406, CompletionTokens: 858, Cost: $0.00088
2026-01-27 10:30:25,884 - Knowledge - INFO - done ingest for /app/data/gemtektechnologycoltd2546/6817/b36881f/tr069-manager-6817/src/dmdeviceadapter/amx/cwmp_plugin/cwmp_plugin_intf_queries.c
2026-01-27 10:30:26,711 - Knowledge - WARNING - Timeout processing /app/data/gemtektechnologycoltd2546/6817/b36881f/tr069-manager-6817/src/dmdeviceadapter/amx/cwmp_plugin/transfers_dm.c after 90s - using fallback metadata
2026-01-27 10:30:27,264 - Knowledge - INFO - [LLM_CALL] Completed: cwmp_plugin_service.c:chunk1, Duration: 143582ms, PromptTokens: 5636, CompletionTokens: 902, Cost: $0.00092
2026-01-27 10:30:27,555 - Knowledge - INFO - process ingested knowledge for /app/data/gemtektechnologycoltd2546/6817/b36881f/tr069-manager-6817/src/dmdeviceadapter/amx/adapter/DM_AmxParameter.c
2026-01-27 10:30:27,600 - Knowledge - INFO - done ingest for /app/data/gemtektechnologycoltd2546/6817/b36881f/tr069-manager-6817/src/dmdeviceadapter/amx/cwmp_plugin/cwmp_plugin_service.c
2026-01-27 10:30:27,614 - Knowledge - INFO - [WEBSOCKET] Sent: Type=progress_update, Size: 290, Duration: 0ms
2026-01-27 10:30:28,274 - Knowledge - INFO - process ingested knowledge for /app/data/gemtektechnologycoltd2546/6817/b36881f/tr069-manager-6817/src/dmdeviceadapter/amx/adapter/DM_AmxUpDownload.c
2026-01-27 10:30:28,353 - Knowledge - INFO - [WEBSOCKET] Sent: Type=unknown, Size: ?, Duration: 739ms
2026-01-27 10:30:28,829 - Knowledge - INFO - Progress: 78.0% | Files: 106/132 | Rate: 0.51 files/sec | Queue: 0
2026-01-27 10:30:30,593 - Knowledge - INFO - Processing batch of 4 files
2026-01-27 10:30:30,762 - Knowledge - INFO - Processing batch of 4 files
2026-01-27 10:30:30,883 - Knowledge - INFO - [WEBSOCKET] Sent: Type=progress_update, Size: 272, Duration: 0ms
2026-01-27 10:30:31,038 - Knowledge - INFO - process ingested knowledge for /app/data/gemtektechnologycoltd2546/6817/b36881f/tr069-manager-6817/src/dmdeviceadapter/amx/adapter/DM_AmxChangeDUState.c
2026-01-27 10:30:31,138 - Knowledge - INFO - process ingested knowledge for /app/data/gemtektechnologycoltd2546/6817/b36881f/tr069-manager-6817/src/dmdeviceadapter/amx/adapter/DM_AmxChangeDUState.h
2026-01-27 10:30:31,231 - Knowledge - INFO - process ingested knowledge for /app/data/gemtektechnologycoltd2546/6817/b36881f/tr069-manager-6817/include_priv/transfers.h
2026-01-27 10:30:31,385 - Knowledge - INFO - [WEBSOCKET] Sent: Type=unknown, Size: ?, Duration: 501ms
2026-01-27 10:30:31,781 - Knowledge - INFO - process ingested knowledge for /app/data/gemtektechnologycoltd2546/6817/b36881f/tr069-manager-6817/src/dmdeviceadapter/amx/adapter/DM_DeviceAdapter_prpl.c
2026-01-27 10:30:32,136 - Knowledge - INFO - Progress: 84.1% | Files: 112/132 | Rate: 0.53 files/sec | Queue: 0
2026-01-27 10:30:32,513 - Knowledge - INFO - Processing batch of 4 files
2026-01-27 10:30:32,778 - Knowledge - INFO - process ingested knowledge for /app/data/gemtektechnologycoltd2546/6817/b36881f/tr069-manager-6817/include_priv/cwmpd_get_certificate_uri.h
2026-01-27 10:30:32,790 - Knowledge - INFO - process ingested knowledge for /app/data/gemtektechnologycoltd2546/6817/b36881f/tr069-manager-6817/src/dmdeviceadapter/amx/adapter/DM_AmxReset.h
2026-01-27 10:30:32,826 - Knowledge - INFO - process ingested knowledge for /app/data/gemtektechnologycoltd2546/6817/b36881f/tr069-manager-6817/src/dmdeviceadapter/amx/cwmp_plugin/transfers_dm.c
2026-01-27 10:30:33,728 - Knowledge - INFO - process ingested knowledge for /app/data/gemtektechnologycoltd2546/6817/b36881f/tr069-manager-6817/include_priv/smm.h
2026-01-27 10:30:34,435 - Knowledge - INFO - [LLM_CALL] Completed: transfers_timewindow.c:chunk1, Duration: 152082ms, PromptTokens: 8102, CompletionTokens: 1056, Cost: $0.00123
2026-01-27 10:30:34,611 - Knowledge - INFO - done ingest for /app/data/gemtektechnologycoltd2546/6817/b36881f/tr069-manager-6817/src/dmdeviceadapter/amx/cwmp_plugin/transfers_timewindow.c
2026-01-27 10:30:34,848 - Knowledge - INFO - process ingested knowledge for /app/data/gemtektechnologycoltd2546/6817/b36881f/tr069-manager-6817/src/dmdeviceadapter/amx/cwmp_plugin/scripts/tr069_3_conf_apply.sh
2026-01-27 10:30:35,233 - Knowledge - INFO - process ingested knowledge for /app/data/gemtektechnologycoltd2546/6817/b36881f/tr069-manager-6817/include_priv/cwmp_plugin.h
2026-01-27 10:30:35,452 - Knowledge - INFO - process ingested knowledge for /app/data/gemtektechnologycoltd2546/6817/b36881f/tr069-manager-6817/src/dmdeviceadapter/amx/cwmp_plugin/cwmp_plugin_proc.c
2026-01-27 10:30:37,209 - Knowledge - WARNING - Timeout processing /app/data/gemtektechnologycoltd2546/6817/b36881f/tr069-manager-6817/src/dmmain/cwmpd_client.c after 90s - using fallback metadata
2026-01-27 10:30:38,130 - Knowledge - WARNING - Timeout processing /app/data/gemtektechnologycoltd2546/6817/b36881f/tr069-manager-6817/include_priv/dmmain/cwmpd.h after 90s - using fallback metadata
2026-01-27 10:30:38,228 - Knowledge - INFO - process ingested knowledge for /app/data/gemtektechnologycoltd2546/6817/b36881f/tr069-manager-6817/src/dmdeviceadapter/amx/cwmp_plugin/transfers_firmware.c
2026-01-27 10:30:38,593 - Knowledge - INFO - [LLM_CALL] Completed: transfers.c:chunk1, Duration: 130519ms, PromptTokens: 8986, CompletionTokens: 708, Cost: $0.00118
2026-01-27 10:30:38,774 - Knowledge - INFO - process ingested knowledge for /app/data/gemtektechnologycoltd2546/6817/b36881f/tr069-manager-6817/src/dmdeviceadapter/amx/cwmp_plugin/cwmp_plugin_connection_request.c
2026-01-27 10:30:38,861 - Knowledge - INFO - done ingest for /app/data/gemtektechnologycoltd2546/6817/b36881f/tr069-manager-6817/src/dmdeviceadapter/amx/cwmp_plugin/transfers.c
2026-01-27 10:30:41,965 - Knowledge - WARNING - Timeout processing /app/data/gemtektechnologycoltd2546/6817/b36881f/tr069-manager-6817/src/dmdeviceadapter/amx/cwmp_plugin/cwmp_plugin_transfer.c after 90s - using fallback metadata
2026-01-27 10:30:42,238 - Knowledge - WARNING - Timeout processing /app/data/gemtektechnologycoltd2546/6817/b36881f/tr069-manager-6817/src/dmdeviceadapter/amx/cwmp_plugin/cwmp_plugin.c after 90s - using fallback metadata
2026-01-27 10:30:42,322 - Knowledge - INFO - [WEBSOCKET] Sent: Type=progress_update, Size: 273, Duration: 0ms
2026-01-27 10:30:42,620 - Knowledge - INFO - [WEBSOCKET] Sent: Type=unknown, Size: ?, Duration: 298ms
2026-01-27 10:30:42,732 - Knowledge - WARNING - Timeout processing /app/data/gemtektechnologycoltd2546/6817/b36881f/tr069-manager-6817/src/dmdeviceadapter/amx/adapter/DM_DeviceAdapter.c after 90s - using fallback metadata
2026-01-27 10:30:42,897 - Knowledge - INFO - Progress: 86.4% | Files: 114/132 | Rate: 0.51 files/sec | Queue: 0
2026-01-27 10:30:43,218 - Knowledge - INFO - Processing batch of 4 files
2026-01-27 10:30:43,426 - Knowledge - INFO - process ingested knowledge for /app/data/gemtektechnologycoltd2546/6817/b36881f/tr069-manager-6817/src/dmmain/cwmpd_client.c
2026-01-27 10:30:44,040 - Knowledge - INFO - Processing batch of 4 files
2026-01-27 10:30:44,077 - Knowledge - INFO - [LLM_CALL] Completed: cwmpd_main.c:chunk1, Duration: 128992ms, PromptTokens: 9584, CompletionTokens: 1196, Cost: $0.00144
2026-01-27 10:30:44,252 - Knowledge - INFO - process ingested knowledge for /app/data/gemtektechnologycoltd2546/6817/b36881f/tr069-manager-6817/src/dmmain/cwmpd_cookie.c
2026-01-27 10:30:44,294 - Knowledge - INFO - process ingested knowledge for /app/data/gemtektechnologycoltd2546/6817/b36881f/tr069-manager-6817/src/dmdeviceadapter/amx/cwmp_plugin/cwmp_plugin_transfer.c
2026-01-27 10:30:44,496 - Knowledge - INFO - done ingest for /app/data/gemtektechnologycoltd2546/6817/b36881f/tr069-manager-6817/src/dmmain/cwmpd_main.c
2026-01-27 10:30:44,637 - Knowledge - INFO - process ingested knowledge for /app/data/gemtektechnologycoltd2546/6817/b36881f/tr069-manager-6817/src/dmmain/cwmpd_connectionsecurity.c
2026-01-27 10:30:44,658 - Knowledge - WARNING - Timeout processing /app/data/gemtektechnologycoltd2546/6817/b36881f/tr069-manager-6817/src/dmdeviceadapter/amx/cwmp_plugin/smm.c after 90s - using fallback metadata
2026-01-27 10:30:44,659 - Knowledge - INFO - Processing batch of 4 files
2026-01-27 10:30:44,686 - Knowledge - INFO - process ingested knowledge for /app/data/gemtektechnologycoltd2546/6817/b36881f/tr069-manager-6817/src/dmdeviceadapter/amx/cwmp_plugin/cwmp_plugin_xmpp.c
2026-01-27 10:30:45,011 - Knowledge - INFO - process ingested knowledge for /app/data/gemtektechnologycoltd2546/6817/b36881f/tr069-manager-6817/include_priv/dmmain/cwmpd.h
2026-01-27 10:30:45,052 - Knowledge - WARNING - Timeout processing /app/data/gemtektechnologycoltd2546/6817/b36881f/tr069-manager-6817/src/dmdeviceadapter/amx/cwmp_plugin/cwmp_plugin_manageable_device.c after 90s - using fallback metadata
2026-01-27 10:30:45,151 - Knowledge - INFO - process ingested knowledge for /app/data/gemtektechnologycoltd2546/6817/b36881f/tr069-manager-6817/src/dmdeviceadapter/amx/adapter/DM_AmxParameterNames.c
2026-01-27 10:30:45,851 - Knowledge - INFO - process ingested knowledge for /app/data/gemtektechnologycoltd2546/6817/b36881f/tr069-manager-6817/src/dmdeviceadapter/amx/adapter/DM_AmxSystemConnection.c
2026-01-27 10:30:46,054 - Knowledge - INFO - process ingested knowledge for /app/data/gemtektechnologycoltd2546/6817/b36881f/tr069-manager-6817/src/dmdeviceadapter/amx/cwmp_plugin/cwmp_plugin_service.c
2026-01-27 10:30:46,420 - Knowledge - INFO - process ingested knowledge for /app/data/gemtektechnologycoltd2546/6817/b36881f/tr069-manager-6817/src/dmdeviceadapter/amx/adapter/DM_AmxScheduleDownload.c
2026-01-27 10:30:46,765 - Knowledge - INFO - process ingested knowledge for /app/data/gemtektechnologycoltd2546/6817/b36881f/tr069-manager-6817/src/dmdeviceadapter/amx/cwmp_plugin/cwmp_plugin.c
2026-01-27 10:30:46,776 - Knowledge - INFO - process ingested knowledge for /app/data/gemtektechnologycoltd2546/6817/b36881f/tr069-manager-6817/src/dmdeviceadapter/amx/adapter/DM_DeviceAdapter.c
2026-01-27 10:30:46,820 - Knowledge - WARNING - Timeout processing /app/data/gemtektechnologycoltd2546/6817/b36881f/tr069-manager-6817/src/dmmain/cwmpd_dns.c after 90s - using fallback metadata
2026-01-27 10:30:46,966 - Knowledge - INFO - Processing batch of 4 files
2026-01-27 10:30:47,282 - Knowledge - INFO - process ingested knowledge for /app/data/gemtektechnologycoltd2546/6817/b36881f/tr069-manager-6817/src/dmdeviceadapter/amx/cwmp_plugin/smm.c
2026-01-27 10:30:47,435 - Knowledge - INFO - [WEBSOCKET] Sent: Type=progress_update, Size: 272, Duration: 0ms
2026-01-27 10:30:47,601 - Knowledge - INFO - process ingested knowledge for /app/data/gemtektechnologycoltd2546/6817/b36881f/tr069-manager-6817/src/dmdeviceadapter/amx/cwmp_plugin/cwmp_plugin_common.c
2026-01-27 10:30:47,648 - Knowledge - INFO - [WEBSOCKET] Sent: Type=unknown, Size: ?, Duration: 213ms
2026-01-27 10:30:47,854 - Knowledge - INFO - process ingested knowledge for /app/data/gemtektechnologycoltd2546/6817/b36881f/tr069-manager-6817/src/dmdeviceadapter/amx/cwmp_plugin/cwmp_plugin_manageable_device.c
2026-01-27 10:30:47,889 - Knowledge - INFO - Progress: 98.5% | Files: 131/132 | Rate: 0.57 files/sec | Queue: 0
2026-01-27 10:30:47,930 - Knowledge - INFO - Processing batch of 4 files
2026-01-27 10:30:48,015 - Knowledge - INFO - process ingested knowledge for /app/data/gemtektechnologycoltd2546/6817/b36881f/tr069-manager-6817/src/dmdeviceadapter/amx/cwmp_plugin/transfers.c
2026-01-27 10:30:48,170 - Knowledge - INFO - process ingested knowledge for /app/data/gemtektechnologycoltd2546/6817/b36881f/tr069-manager-6817/src/dmdeviceadapter/amx/cwmp_plugin/cwmp_plugin_intf_queries.c
2026-01-27 10:30:48,427 - Knowledge - INFO - process ingested knowledge for /app/data/gemtektechnologycoltd2546/6817/b36881f/tr069-manager-6817/src/dmdeviceadapter/amx/cwmp_plugin/transfers_timewindow.c
2026-01-27 10:30:48,639 - Knowledge - INFO - process ingested knowledge for /app/data/gemtektechnologycoltd2546/6817/b36881f/tr069-manager-6817/src/dmmain/cwmpd_dns.c
2026-01-27 10:30:48,811 - Knowledge - INFO - process ingested knowledge for /app/data/gemtektechnologycoltd2546/6817/b36881f/tr069-manager-6817/src/dmmain/cwmpd_main.c
2026-01-27 10:30:49,431 - Knowledge - INFO - Knowledge creation complete
2026-01-27 10:30:49,617 - Knowledge - INFO - ==================================================
2026-01-27 10:30:49,793 - Knowledge - INFO - KNOWLEDGE GRAPH GENERATION PERFORMANCE SUMMARY
2026-01-27 10:30:49,960 - Knowledge - INFO - ==================================================
2026-01-27 10:30:50,120 - Knowledge - INFO - Total processing time: 231.14 seconds (3.85 minutes)
2026-01-27 10:30:50,324 - Knowledge - INFO - Files processed: 0
2026-01-27 10:30:50,546 - Knowledge - INFO - Processing rate: 0.00 files/second
2026-01-27 10:30:50,697 - Knowledge - INFO - 
[TIME_BREAKDOWN]
2026-01-27 10:30:50,884 - Knowledge - INFO - File Reading: 0.00s (0.0%)
2026-01-27 10:30:51,040 - Knowledge - INFO - LLM Processing: 3838.42s (1660.7%)
2026-01-27 10:30:51,213 - Knowledge - INFO - MongoDB Operations: 0.00s (0.0%)
2026-01-27 10:30:51,376 - Knowledge - INFO - Redis Operations: 0.00s (0.0%)
2026-01-27 10:30:51,530 - Knowledge - INFO - WebSocket Communication: 9.91s (4.3%)
2026-01-27 10:30:51,699 - Knowledge - INFO - 
[LLM_STATS]
2026-01-27 10:30:51,867 - Knowledge - INFO - Total LLM calls: 42
2026-01-27 10:30:52,021 - Knowledge - INFO - Average LLM response time: 91391ms
2026-01-27 10:30:52,195 - Knowledge - INFO - Average prompt tokens: 6026.3
2026-01-27 10:30:52,409 - Knowledge - INFO - Average completion tokens: 902.8
2026-01-27 10:30:52,607 - Knowledge - INFO - Total prompt tokens: 253104
2026-01-27 10:30:52,801 - Knowledge - INFO - Total completion tokens: 37918
2026-01-27 10:30:52,978 - Knowledge - INFO - Total LLM cost: $0.0405
2026-01-27 10:30:53,121 - Knowledge - INFO - 
[DATABASE_STATS]
2026-01-27 10:30:53,278 - Knowledge - INFO - MongoDB operations: 0
2026-01-27 10:30:53,445 - Knowledge - INFO - Redis operations: 0
2026-01-27 10:30:53,693 - Knowledge - INFO - 
[COMMUNICATION_STATS]
2026-01-27 10:30:53,902 - Knowledge - INFO - WebSocket messages sent: 25
2026-01-27 10:30:54,099 - Knowledge - INFO - Average message size: 141.2 bytes
2026-01-27 10:30:54,259 - Knowledge - INFO - 
[WORKER_STATS]
2026-01-27 10:30:54,424 - Knowledge - INFO - 
[FILE_TYPE_STATS]
2026-01-27 10:30:54,584 - Knowledge - INFO - 
[SLOWEST_FILES]
2026-01-27 10:30:54,749 - Knowledge - INFO - ==================================================
2026-01-27 10:30:54,919 - Knowledge - INFO - ==================================================
2026-01-27 10:30:55,080 - Knowledge - INFO - KNOWLEDGE GRAPH GENERATION PERFORMANCE SUMMARY
2026-01-27 10:30:55,235 - Knowledge - INFO - ==================================================
2026-01-27 10:30:55,394 - Knowledge - INFO - Total processing time: 236.52 seconds (3.94 minutes)
2026-01-27 10:30:55,549 - Knowledge - INFO - Files processed: 132 of 132
2026-01-27 10:30:55,708 - Knowledge - INFO - Processing rate: 0.56 files/second
2026-01-27 10:30:55,860 - Knowledge - INFO - WebSocket messages sent: 12
2026-01-27 10:30:56,023 - Knowledge - INFO - MongoDB operations: 132
2026-01-27 10:30:56,203 - Knowledge - INFO - Average MongoDB ops per file: 1.00
2026-01-27 10:30:56,371 - Knowledge - INFO - LLM costs: $0.0405
2026-01-27 10:30:56,537 - Knowledge - INFO - Prompt tokens: 253104
2026-01-27 10:30:56,692 - Knowledge - INFO - Completion tokens: 37918
2026-01-27 10:30:56,900 - Knowledge - INFO - Updating org costs, total cost: 0.040477599999999996
2026-01-27 10:30:57,104 - Knowledge - INFO - [WEBSOCKET] Sent: Type=progress_update, Size: 268, Duration: 0ms
2026-01-27 10:30:57,279 - Knowledge - INFO - Saving knowledge to Redis...
2026-01-27 10:30:57,628 - Knowledge - INFO - Knowledge saved to Redis successfully
